-- phpMyAdmin SQL Dump
-- version 5.2.1deb1
-- https://www.phpmyadmin.net/
--
-- Host: localhost:3306
-- Generation Time: Oct 09, 2024 at 09:31 AM
-- Server version: 10.11.6-MariaDB-0+deb12u1
-- PHP Version: 8.2.7

SET SQL_MODE = "NO_AUTO_VALUE_ON_ZERO";
START TRANSACTION;
SET time_zone = "+00:00";


/*!40101 SET @OLD_CHARACTER_SET_CLIENT=@@CHARACTER_SET_CLIENT */;
/*!40101 SET @OLD_CHARACTER_SET_RESULTS=@@CHARACTER_SET_RESULTS */;
/*!40101 SET @OLD_COLLATION_CONNECTION=@@COLLATION_CONNECTION */;
/*!40101 SET NAMES utf8mb4 */;

--
-- Database: `Basic-laravel-apis-db`
--

-- --------------------------------------------------------

--
-- Table structure for table `cache`
--

CREATE TABLE `cache` (
  `key` varchar(255) NOT NULL,
  `value` mediumtext NOT NULL,
  `expiration` int(11) NOT NULL
) ENGINE=InnoDB DEFAULT CHARSET=utf8mb4 COLLATE=utf8mb4_unicode_ci;

-- --------------------------------------------------------

--
-- Table structure for table `cache_locks`
--

CREATE TABLE `cache_locks` (
  `key` varchar(255) NOT NULL,
  `owner` varchar(255) NOT NULL,
  `expiration` int(11) NOT NULL
) ENGINE=InnoDB DEFAULT CHARSET=utf8mb4 COLLATE=utf8mb4_unicode_ci;

-- --------------------------------------------------------

--
-- Table structure for table `failed_jobs`
--

CREATE TABLE `failed_jobs` (
  `id` bigint(20) UNSIGNED NOT NULL,
  `uuid` varchar(255) NOT NULL,
  `connection` text NOT NULL,
  `queue` text NOT NULL,
  `payload` longtext NOT NULL,
  `exception` longtext NOT NULL,
  `failed_at` timestamp NOT NULL DEFAULT current_timestamp()
) ENGINE=InnoDB DEFAULT CHARSET=utf8mb4 COLLATE=utf8mb4_unicode_ci;

-- --------------------------------------------------------

--
-- Table structure for table `jobs`
--

CREATE TABLE `jobs` (
  `id` bigint(20) UNSIGNED NOT NULL,
  `queue` varchar(255) NOT NULL,
  `payload` longtext NOT NULL,
  `attempts` tinyint(3) UNSIGNED NOT NULL,
  `reserved_at` int(10) UNSIGNED DEFAULT NULL,
  `available_at` int(10) UNSIGNED NOT NULL,
  `created_at` int(10) UNSIGNED NOT NULL
) ENGINE=InnoDB DEFAULT CHARSET=utf8mb4 COLLATE=utf8mb4_unicode_ci;

-- --------------------------------------------------------

--
-- Table structure for table `job_batches`
--

CREATE TABLE `job_batches` (
  `id` varchar(255) NOT NULL,
  `name` varchar(255) NOT NULL,
  `total_jobs` int(11) NOT NULL,
  `pending_jobs` int(11) NOT NULL,
  `failed_jobs` int(11) NOT NULL,
  `failed_job_ids` longtext NOT NULL,
  `options` mediumtext DEFAULT NULL,
  `cancelled_at` int(11) DEFAULT NULL,
  `created_at` int(11) NOT NULL,
  `finished_at` int(11) DEFAULT NULL
) ENGINE=InnoDB DEFAULT CHARSET=utf8mb4 COLLATE=utf8mb4_unicode_ci;

-- --------------------------------------------------------

--
-- Table structure for table `migrations`
--

CREATE TABLE `migrations` (
  `id` int(10) UNSIGNED NOT NULL,
  `migration` varchar(255) NOT NULL,
  `batch` int(11) NOT NULL
) ENGINE=InnoDB DEFAULT CHARSET=utf8mb4 COLLATE=utf8mb4_unicode_ci;

--
-- Dumping data for table `migrations`
--

INSERT INTO `migrations` (`id`, `migration`, `batch`) VALUES
(1, '0001_01_01_000000_create_users_table', 1),
(2, '0001_01_01_000001_create_cache_table', 1),
(3, '0001_01_01_000002_create_jobs_table', 1),
(4, '2024_06_06_102936_create_projects_table', 1),
(5, '2024_06_06_102941_create_timesheets_table', 1),
(6, '2024_06_06_103956_create_project_user_table', 1),
(7, '2024_06_06_104341_create_oauth_refresh_tokens_table', 2),
(8, '2024_06_06_104342_create_oauth_auth_codes_table', 2),
(9, '2024_06_06_104343_create_oauth_clients_table', 2),
(10, '2024_06_06_104344_create_oauth_access_tokens_table', 2),
(11, '2024_06_06_104345_create_oauth_personal_access_clients_table', 2);

-- --------------------------------------------------------

--
-- Table structure for table `oauth_access_tokens`
--

CREATE TABLE `oauth_access_tokens` (
  `id` varchar(100) NOT NULL,
  `user_id` bigint(20) UNSIGNED DEFAULT NULL,
  `client_id` bigint(20) UNSIGNED NOT NULL,
  `name` varchar(255) DEFAULT NULL,
  `scopes` text DEFAULT NULL,
  `revoked` tinyint(1) NOT NULL,
  `created_at` timestamp NULL DEFAULT NULL,
  `updated_at` timestamp NULL DEFAULT NULL,
  `expires_at` datetime DEFAULT NULL
) ENGINE=InnoDB DEFAULT CHARSET=utf8mb4 COLLATE=utf8mb4_unicode_ci;

--
-- Dumping data for table `oauth_access_tokens`
--

INSERT INTO `oauth_access_tokens` (`id`, `user_id`, `client_id`, `name`, `scopes`, `revoked`, `created_at`, `updated_at`, `expires_at`) VALUES
('418cf94edcffa60aeded59c0018ed620d286b1a11fcb4da448b4525fbd3990d5ec295b221fd7882d', 1, 1, 'api_token', '[]', 1, '2024-06-06 08:38:18', '2024-06-06 08:39:11', '2025-06-06 11:38:18'),
('7689c907fa3e03466be9ec02e64d68c9c56cf5004c0f90ec35b916c1a3f04ff5a3a0dbbd760e83b8', 1, 1, 'api_token', '[]', 0, '2024-06-06 08:44:37', '2024-06-06 08:44:37', '2025-06-06 11:44:37'),
('de96d93eef34a65b30d72204a9ad05df1565e75d3f7b6e056457cffe93c68159dbbadc7cc875b548', 1, 1, 'api_token', '[]', 0, '2024-06-06 08:39:18', '2024-06-06 08:39:18', '2025-06-06 11:39:18');

-- --------------------------------------------------------

--
-- Table structure for table `oauth_auth_codes`
--

CREATE TABLE `oauth_auth_codes` (
  `id` varchar(100) NOT NULL,
  `user_id` bigint(20) UNSIGNED NOT NULL,
  `client_id` bigint(20) UNSIGNED NOT NULL,
  `scopes` text DEFAULT NULL,
  `revoked` tinyint(1) NOT NULL,
  `expires_at` datetime DEFAULT NULL
) ENGINE=InnoDB DEFAULT CHARSET=utf8mb4 COLLATE=utf8mb4_unicode_ci;

-- --------------------------------------------------------

--
-- Table structure for table `oauth_clients`
--

CREATE TABLE `oauth_clients` (
  `id` bigint(20) UNSIGNED NOT NULL,
  `user_id` bigint(20) UNSIGNED DEFAULT NULL,
  `name` varchar(255) NOT NULL,
  `secret` varchar(100) DEFAULT NULL,
  `provider` varchar(255) DEFAULT NULL,
  `redirect` text NOT NULL,
  `personal_access_client` tinyint(1) NOT NULL,
  `password_client` tinyint(1) NOT NULL,
  `revoked` tinyint(1) NOT NULL,
  `created_at` timestamp NULL DEFAULT NULL,
  `updated_at` timestamp NULL DEFAULT NULL
) ENGINE=InnoDB DEFAULT CHARSET=utf8mb4 COLLATE=utf8mb4_unicode_ci;

--
-- Dumping data for table `oauth_clients`
--

INSERT INTO `oauth_clients` (`id`, `user_id`, `name`, `secret`, `provider`, `redirect`, `personal_access_client`, `password_client`, `revoked`, `created_at`, `updated_at`) VALUES
(1, NULL, 'Laravel Personal Access Client', 'xvSEeLJT8uI5XDJdd6fobfeLeJioqnTy5sF7OPFK', NULL, 'http://localhost', 1, 0, 0, '2024-06-06 07:43:43', '2024-06-06 07:43:43'),
(2, NULL, 'Laravel Password Grant Client', 'rvWfpemtCUgYK8SWLn1n8cRbXFRVw1lgMpzWZ0yz', 'users', 'http://localhost', 0, 1, 0, '2024-06-06 07:43:43', '2024-06-06 07:43:43');

-- --------------------------------------------------------

--
-- Table structure for table `oauth_personal_access_clients`
--

CREATE TABLE `oauth_personal_access_clients` (
  `id` bigint(20) UNSIGNED NOT NULL,
  `client_id` bigint(20) UNSIGNED NOT NULL,
  `created_at` timestamp NULL DEFAULT NULL,
  `updated_at` timestamp NULL DEFAULT NULL
) ENGINE=InnoDB DEFAULT CHARSET=utf8mb4 COLLATE=utf8mb4_unicode_ci;

--
-- Dumping data for table `oauth_personal_access_clients`
--

INSERT INTO `oauth_personal_access_clients` (`id`, `client_id`, `created_at`, `updated_at`) VALUES
(1, 1, '2024-06-06 07:43:43', '2024-06-06 07:43:43');

-- --------------------------------------------------------

--
-- Table structure for table `oauth_refresh_tokens`
--

CREATE TABLE `oauth_refresh_tokens` (
  `id` varchar(100) NOT NULL,
  `access_token_id` varchar(100) NOT NULL,
  `revoked` tinyint(1) NOT NULL,
  `expires_at` datetime DEFAULT NULL
) ENGINE=InnoDB DEFAULT CHARSET=utf8mb4 COLLATE=utf8mb4_unicode_ci;

-- --------------------------------------------------------

--
-- Table structure for table `password_reset_tokens`
--

CREATE TABLE `password_reset_tokens` (
  `email` varchar(255) NOT NULL,
  `token` varchar(255) NOT NULL,
  `created_at` timestamp NULL DEFAULT NULL
) ENGINE=InnoDB DEFAULT CHARSET=utf8mb4 COLLATE=utf8mb4_unicode_ci;

-- --------------------------------------------------------

--
-- Table structure for table `projects`
--

CREATE TABLE `projects` (
  `id` bigint(20) UNSIGNED NOT NULL,
  `name` varchar(255) NOT NULL,
  `department` varchar(255) NOT NULL,
  `start_date` date NOT NULL,
  `end_date` date NOT NULL,
  `status` enum('pending','in_progress','done') NOT NULL,
  `created_at` timestamp NULL DEFAULT NULL,
  `updated_at` timestamp NULL DEFAULT NULL
) ENGINE=InnoDB DEFAULT CHARSET=utf8mb4 COLLATE=utf8mb4_unicode_ci;

--
-- Dumping data for table `projects`
--

INSERT INTO `projects` (`id`, `name`, `department`, `start_date`, `end_date`, `status`, `created_at`, `updated_at`) VALUES
(1, 'test 1', 'example 1 ', '2024-01-20', '2024-02-05', 'done', '2024-10-09 06:21:19', '2024-10-09 06:21:19'),
(2, 'test 2', 'example 2', '2024-01-20', '2024-02-05', 'done', '2024-10-09 06:21:19', '2024-10-09 06:21:19'),
(3, 'maxime mollitia ea', 'esse', '1994-11-14', '2024-09-09', 'in_progress', '2024-10-09 06:20:02', '2024-10-09 06:20:02'),
(4, 'consectetur reprehenderit quaerat', 'voluptas', '1993-10-03', '1972-07-07', 'pending', '2024-10-09 06:20:02', '2024-10-09 06:20:02'),
(5, 'earum et est', 'vitae', '1991-05-06', '1991-01-28', 'pending', '2024-10-09 06:20:02', '2024-10-09 06:20:02'),
(6, 'tenetur non officiis', 'eaque', '2012-03-26', '2021-08-26', 'in_progress', '2024-10-09 06:20:02', '2024-10-09 06:20:02'),
(7, 'necessitatibus deleniti itaque', 'expedita', '1982-07-18', '2020-02-23', 'in_progress', '2024-10-09 06:20:02', '2024-10-09 06:20:02'),
(8, 'molestias repellat excepturi', 'facere', '1972-06-26', '1978-08-13', 'in_progress', '2024-10-09 06:20:02', '2024-10-09 06:20:02'),
(9, 'nisi in ut', 'aspernatur', '2001-12-10', '1993-12-09', 'in_progress', '2024-10-09 06:20:02', '2024-10-09 06:20:02'),
(10, 'omnis accusamus dignissimos', 'nam', '1985-10-12', '2006-08-02', 'in_progress', '2024-10-09 06:20:02', '2024-10-09 06:20:02'),
(11, 'a sequi aut', 'voluptatem', '1987-04-12', '1990-11-05', 'in_progress', '2024-10-09 06:20:02', '2024-10-09 06:20:02'),
(12, 'repellendus repellendus sed', 'iusto', '1985-08-13', '2002-11-07', 'pending', '2024-10-09 06:20:02', '2024-10-09 06:20:02'),
(13, 'aut molestias quis', 'perspiciatis', '1985-07-24', '2013-05-26', 'pending', '2024-10-09 06:20:02', '2024-10-09 06:20:02'),
(14, 'aspernatur ea veniam', 'dignissimos', '2001-10-24', '1991-08-29', 'pending', '2024-10-09 06:20:02', '2024-10-09 06:20:02'),
(15, 'nobis consequatur est', 'doloribus', '2018-06-24', '1979-11-02', 'in_progress', '2024-10-09 06:20:02', '2024-10-09 06:20:02'),
(16, 'dignissimos corrupti eum', 'consectetur', '2024-08-23', '1986-02-20', 'done', '2024-10-09 06:20:02', '2024-10-09 06:20:02'),
(17, 'earum dolor mollitia', 'accusamus', '2011-02-02', '1998-12-01', 'done', '2024-10-09 06:20:02', '2024-10-09 06:20:02'),
(18, 'sapiente maiores ex', 'ut', '1976-12-06', '2015-12-09', 'done', '2024-10-09 06:20:02', '2024-10-09 06:20:02'),
(19, 'recusandae aut et', 'harum', '1970-08-26', '2005-04-28', 'pending', '2024-10-09 06:20:02', '2024-10-09 06:20:02'),
(20, 'harum accusantium similique', 'vitae', '2007-01-03', '1975-04-18', 'pending', '2024-10-09 06:20:02', '2024-10-09 06:20:02'),
(21, 'ipsam expedita eos', 'quis', '1983-11-23', '1990-08-14', 'pending', '2024-10-09 06:20:02', '2024-10-09 06:20:02'),
(22, 'molestias omnis officiis', 'culpa', '1977-11-08', '1972-02-05', 'pending', '2024-10-09 06:20:02', '2024-10-09 06:20:02'),
(23, 'quis ducimus ut', 'vel', '2018-03-22', '2022-10-14', 'done', '2024-10-09 06:20:02', '2024-10-09 06:20:02'),
(24, 'consequatur sunt iure', 'et', '1981-09-23', '1980-03-18', 'done', '2024-10-09 06:20:02', '2024-10-09 06:20:02'),
(25, 'veniam fuga animi', 'enim', '1987-08-20', '2006-03-25', 'in_progress', '2024-10-09 06:20:02', '2024-10-09 06:20:02'),
(26, 'aut vel rem', 'ipsum', '1991-03-04', '1970-10-17', 'in_progress', '2024-10-09 06:20:02', '2024-10-09 06:20:02'),
(27, 'recusandae quis saepe', 'assumenda', '2022-05-13', '2021-06-02', 'done', '2024-10-09 06:20:02', '2024-10-09 06:20:02'),
(28, 'error reiciendis dolores', 'id', '2015-12-01', '1990-02-10', 'pending', '2024-10-09 06:20:02', '2024-10-09 06:20:02'),
(29, 'deserunt ut qui', 'enim', '2023-11-15', '2011-10-24', 'done', '2024-10-09 06:20:02', '2024-10-09 06:20:02'),
(30, 'assumenda fuga quaerat', 'repudiandae', '2014-04-17', '1993-11-27', 'pending', '2024-10-09 06:20:02', '2024-10-09 06:20:02'),
(31, 'eveniet optio aut', 'quidem', '1973-06-23', '1979-05-08', 'pending', '2024-10-09 06:20:02', '2024-10-09 06:20:02'),
(32, 'nesciunt officiis sint', 'ut', '2011-09-28', '1972-07-17', 'done', '2024-10-09 06:20:02', '2024-10-09 06:20:02'),
(33, 'consequatur est ut', 'temporibus', '1981-11-15', '1990-03-31', 'done', '2024-10-09 06:20:02', '2024-10-09 06:20:02'),
(34, 'aliquid magnam mollitia', 'pariatur', '1996-07-31', '1991-03-20', 'done', '2024-10-09 06:20:02', '2024-10-09 06:20:02'),
(35, 'et enim at', 'eos', '2000-08-03', '2000-08-07', 'in_progress', '2024-10-09 06:20:02', '2024-10-09 06:20:02'),
(36, 'perferendis nihil esse', 'debitis', '2008-02-07', '2021-03-06', 'in_progress', '2024-10-09 06:20:02', '2024-10-09 06:20:02'),
(37, 'illum aut nihil', 'earum', '1994-05-14', '1975-05-31', 'done', '2024-10-09 06:20:02', '2024-10-09 06:20:02'),
(38, 'dolorem aut dolor', 'quo', '1977-06-24', '2016-04-25', 'in_progress', '2024-10-09 06:20:02', '2024-10-09 06:20:02'),
(39, 'inventore amet occaecati', 'animi', '1983-07-31', '2002-08-02', 'pending', '2024-10-09 06:20:02', '2024-10-09 06:20:02'),
(40, 'rem nihil sit', 'eveniet', '1977-08-21', '2008-03-13', 'pending', '2024-10-09 06:20:02', '2024-10-09 06:20:02'),
(41, 'illum sunt omnis', 'ut', '2016-08-03', '1980-10-02', 'done', '2024-10-09 06:20:02', '2024-10-09 06:20:02'),
(42, 'molestias consequuntur quam', 'et', '2012-02-05', '1987-03-20', 'in_progress', '2024-10-09 06:20:02', '2024-10-09 06:20:02'),
(43, 'esse ut consectetur', 'eum', '1996-07-04', '1990-05-08', 'done', '2024-10-09 06:20:02', '2024-10-09 06:20:02'),
(44, 'voluptatibus provident harum', 'nostrum', '2002-05-30', '2023-06-16', 'pending', '2024-10-09 06:20:02', '2024-10-09 06:20:02'),
(45, 'nobis ex aspernatur', 'qui', '2007-02-14', '1979-02-02', 'in_progress', '2024-10-09 06:20:02', '2024-10-09 06:20:02'),
(46, 'rem incidunt ut', 'voluptatem', '1991-05-28', '2001-05-30', 'done', '2024-10-09 06:20:02', '2024-10-09 06:20:02'),
(47, 'non dignissimos qui', 'eaque', '1970-08-07', '1985-04-17', 'in_progress', '2024-10-09 06:20:02', '2024-10-09 06:20:02'),
(48, 'vel quod odio', 'excepturi', '1974-03-15', '2005-03-29', 'in_progress', '2024-10-09 06:20:02', '2024-10-09 06:20:02'),
(49, 'vel ut nam', 'at', '2023-12-31', '1980-10-05', 'done', '2024-10-09 06:20:02', '2024-10-09 06:20:02'),
(50, 'quam et aliquid', 'excepturi', '1993-05-09', '1984-10-27', 'in_progress', '2024-10-09 06:20:02', '2024-10-09 06:20:02'),
(51, 'est iure sed', 'ea', '1985-09-21', '1983-06-29', 'in_progress', '2024-10-09 06:20:02', '2024-10-09 06:20:02'),
(52, 'rem earum velit', 'enim', '1983-03-04', '1998-01-17', 'done', '2024-10-09 06:20:02', '2024-10-09 06:20:02'),
(53, 'qui ut error', 'repellat', '2002-06-13', '2017-11-28', 'in_progress', '2024-10-09 06:20:02', '2024-10-09 06:20:02'),
(54, 'earum saepe nostrum', 'vero', '2012-01-19', '1983-06-08', 'done', '2024-10-09 06:20:02', '2024-10-09 06:20:02'),
(55, 'aperiam eos voluptatum', 'vero', '2008-07-26', '1981-01-31', 'done', '2024-10-09 06:20:02', '2024-10-09 06:20:02'),
(56, 'eos qui occaecati', 'debitis', '1993-04-29', '1989-05-20', 'pending', '2024-10-09 06:20:02', '2024-10-09 06:20:02'),
(57, 'et ullam voluptas', 'est', '2018-04-04', '2004-03-22', 'pending', '2024-10-09 06:20:02', '2024-10-09 06:20:02'),
(58, 'aut totam voluptate', 'saepe', '1981-09-05', '2017-01-04', 'done', '2024-10-09 06:20:02', '2024-10-09 06:20:02'),
(59, 'ut excepturi error', 'repellat', '2007-09-05', '1989-01-14', 'done', '2024-10-09 06:20:02', '2024-10-09 06:20:02'),
(60, 'fuga cupiditate qui', 'odio', '1982-04-20', '1981-07-28', 'pending', '2024-10-09 06:20:02', '2024-10-09 06:20:02'),
(61, 'culpa ea qui', 'sit', '2021-07-26', '1999-12-10', 'pending', '2024-10-09 06:20:02', '2024-10-09 06:20:02'),
(62, 'sit magni eos', 'sed', '2015-11-07', '2002-03-23', 'in_progress', '2024-10-09 06:20:02', '2024-10-09 06:20:02'),
(63, 'aliquid dolores est', 'ipsam', '1972-09-09', '1989-08-11', 'done', '2024-10-09 06:20:02', '2024-10-09 06:20:02'),
(64, 'pariatur rerum reiciendis', 'est', '2003-06-14', '2019-12-04', 'in_progress', '2024-10-09 06:20:02', '2024-10-09 06:20:02'),
(65, 'qui repellat assumenda', 'nemo', '1986-04-21', '1977-01-27', 'done', '2024-10-09 06:20:02', '2024-10-09 06:20:02'),
(66, 'laudantium vel veniam', 'ipsa', '2022-04-27', '1974-06-06', 'done', '2024-10-09 06:20:02', '2024-10-09 06:20:02'),
(67, 'optio voluptatum rerum', 'impedit', '2005-09-11', '1990-01-30', 'in_progress', '2024-10-09 06:20:02', '2024-10-09 06:20:02'),
(68, 'quis quibusdam ipsa', 'nostrum', '2016-11-21', '2024-08-22', 'pending', '2024-10-09 06:20:02', '2024-10-09 06:20:02'),
(69, 'maiores quasi temporibus', 'officia', '1994-12-24', '1974-11-01', 'in_progress', '2024-10-09 06:20:02', '2024-10-09 06:20:02'),
(70, 'non porro magni', 'laudantium', '1980-11-22', '2007-02-19', 'in_progress', '2024-10-09 06:20:02', '2024-10-09 06:20:02'),
(71, 'officia ut hic', 'officia', '2018-08-07', '2001-11-25', 'done', '2024-10-09 06:20:02', '2024-10-09 06:20:02'),
(72, 'corporis ut blanditiis', 'est', '2005-03-05', '1986-02-20', 'done', '2024-10-09 06:20:03', '2024-10-09 06:20:03'),
(73, 'soluta voluptatem sapiente', 'expedita', '2003-10-20', '2000-03-09', 'in_progress', '2024-10-09 06:20:03', '2024-10-09 06:20:03'),
(74, 'labore quia deleniti', 'ut', '1971-07-15', '2000-05-27', 'done', '2024-10-09 06:20:03', '2024-10-09 06:20:03'),
(75, 'qui necessitatibus dolores', 'fugit', '1970-03-14', '2012-09-17', 'pending', '2024-10-09 06:20:03', '2024-10-09 06:20:03'),
(76, 'sed nihil maiores', 'vel', '2019-06-03', '2019-08-08', 'pending', '2024-10-09 06:20:03', '2024-10-09 06:20:03'),
(77, 'fugit laboriosam saepe', 'reprehenderit', '1982-07-12', '1995-12-20', 'in_progress', '2024-10-09 06:20:03', '2024-10-09 06:20:03'),
(78, 'voluptas fugiat et', 'quis', '2024-07-08', '2000-10-03', 'pending', '2024-10-09 06:20:03', '2024-10-09 06:20:03'),
(79, 'tempora expedita voluptatem', 'non', '1986-05-02', '1986-05-23', 'done', '2024-10-09 06:20:03', '2024-10-09 06:20:03'),
(80, 'occaecati iure quo', 'commodi', '1988-07-08', '1980-09-01', 'done', '2024-10-09 06:20:03', '2024-10-09 06:20:03'),
(81, 'suscipit assumenda provident', 'quibusdam', '1973-12-02', '2013-12-13', 'done', '2024-10-09 06:20:03', '2024-10-09 06:20:03'),
(82, 'nostrum illo cum', 'veniam', '2008-02-28', '1989-12-03', 'done', '2024-10-09 06:20:03', '2024-10-09 06:20:03'),
(83, 'magnam quam earum', 'quis', '1970-08-09', '1972-10-24', 'in_progress', '2024-10-09 06:20:03', '2024-10-09 06:20:03'),
(84, 'dolor nam est', 'porro', '2004-01-15', '2016-07-24', 'pending', '2024-10-09 06:20:03', '2024-10-09 06:20:03'),
(85, 'voluptatem omnis suscipit', 'aut', '2003-09-09', '2018-11-08', 'done', '2024-10-09 06:20:03', '2024-10-09 06:20:03'),
(86, 'repellendus itaque dolor', 'et', '1973-01-27', '1977-11-05', 'done', '2024-10-09 06:20:03', '2024-10-09 06:20:03'),
(87, 'et qui magni', 'quia', '1983-06-18', '1994-05-26', 'in_progress', '2024-10-09 06:20:03', '2024-10-09 06:20:03'),
(88, 'est minima magni', 'facere', '2014-03-02', '1993-01-08', 'done', '2024-10-09 06:20:03', '2024-10-09 06:20:03'),
(89, 'nemo qui doloribus', 'adipisci', '2004-09-27', '1999-08-16', 'pending', '2024-10-09 06:20:03', '2024-10-09 06:20:03'),
(90, 'cupiditate aut enim', 'inventore', '1979-07-06', '2023-06-12', 'done', '2024-10-09 06:20:03', '2024-10-09 06:20:03'),
(91, 'ut eveniet enim', 'eum', '1971-02-13', '1999-12-06', 'pending', '2024-10-09 06:20:03', '2024-10-09 06:20:03'),
(92, 'non ab provident', 'aspernatur', '1990-06-03', '1972-05-07', 'pending', '2024-10-09 06:20:03', '2024-10-09 06:20:03'),
(93, 'expedita molestiae adipisci', 'ut', '1998-07-24', '1987-06-21', 'done', '2024-10-09 06:20:03', '2024-10-09 06:20:03'),
(94, 'accusamus rerum perspiciatis', 'quia', '2023-09-02', '2001-04-15', 'done', '2024-10-09 06:20:03', '2024-10-09 06:20:03'),
(95, 'inventore repellat libero', 'molestias', '1984-12-16', '2013-06-24', 'pending', '2024-10-09 06:20:03', '2024-10-09 06:20:03'),
(96, 'magni modi delectus', 'id', '1985-06-16', '2021-01-16', 'pending', '2024-10-09 06:20:03', '2024-10-09 06:20:03'),
(97, 'eos a quia', 'id', '2015-11-28', '1983-07-28', 'in_progress', '2024-10-09 06:20:03', '2024-10-09 06:20:03'),
(98, 'unde perferendis neque', 'sit', '1992-01-22', '1973-08-03', 'pending', '2024-10-09 06:20:03', '2024-10-09 06:20:03'),
(99, 'quo a delectus', 'natus', '2013-04-14', '1972-12-12', 'in_progress', '2024-10-09 06:20:03', '2024-10-09 06:20:03'),
(100, 'quia qui sed', 'eum', '1973-03-16', '2022-07-25', 'pending', '2024-10-09 06:20:03', '2024-10-09 06:20:03'),
(101, 'nisi consectetur voluptas', 'sequi', '1985-10-20', '2017-03-21', 'in_progress', '2024-10-09 06:20:03', '2024-10-09 06:20:03'),
(102, 'laboriosam similique voluptates', 'ut', '2013-03-02', '2024-05-18', 'pending', '2024-10-09 06:20:03', '2024-10-09 06:20:03');

-- --------------------------------------------------------

--
-- Table structure for table `project_user`
--

CREATE TABLE `project_user` (
  `project_id` bigint(20) UNSIGNED NOT NULL,
  `user_id` bigint(20) UNSIGNED NOT NULL
) ENGINE=InnoDB DEFAULT CHARSET=utf8mb4 COLLATE=utf8mb4_unicode_ci;

--
-- Dumping data for table `project_user`
--

INSERT INTO `project_user` (`project_id`, `user_id`) VALUES
(66, 85),
(58, 4),
(36, 73),
(71, 7),
(28, 94),
(55, 49),
(66, 64),
(84, 91),
(92, 33),
(38, 36),
(18, 38),
(66, 80),
(22, 51),
(18, 17),
(70, 82),
(17, 46),
(54, 73),
(93, 8),
(47, 98),
(24, 99),
(71, 14),
(81, 61),
(71, 13),
(48, 80),
(83, 1),
(80, 26),
(90, 75),
(39, 27),
(48, 2),
(17, 76),
(68, 65),
(86, 25),
(23, 43),
(22, 99),
(72, 45),
(27, 41),
(11, 59),
(71, 88),
(53, 42),
(81, 3),
(37, 25),
(74, 1),
(1, 73),
(11, 45),
(7, 52),
(41, 95),
(67, 4),
(53, 45),
(5, 61),
(72, 55),
(42, 55),
(5, 21),
(85, 16),
(86, 42),
(87, 59),
(83, 94),
(99, 1),
(65, 33),
(81, 88),
(42, 66),
(2, 13),
(3, 27),
(56, 71),
(39, 96),
(42, 23),
(99, 22),
(65, 7),
(77, 78),
(4, 36),
(27, 98),
(41, 87),
(45, 47),
(99, 46),
(82, 43),
(6, 60),
(74, 88),
(59, 83),
(8, 48),
(57, 101),
(7, 34),
(60, 53),
(76, 36),
(59, 63),
(36, 63),
(36, 25),
(97, 73),
(75, 66),
(71, 92),
(65, 78),
(96, 55),
(62, 80),
(18, 28),
(62, 98),
(45, 75),
(54, 92),
(72, 41),
(79, 41),
(2, 78),
(59, 55),
(98, 98),
(47, 77),
(25, 97),
(45, 82),
(76, 11),
(82, 9),
(98, 80),
(14, 86),
(86, 14),
(94, 57),
(50, 70),
(6, 22),
(82, 11),
(74, 15),
(43, 60),
(58, 50),
(95, 50),
(9, 56),
(46, 49),
(16, 3),
(40, 83),
(71, 26),
(10, 76),
(97, 64),
(89, 89),
(59, 10),
(2, 54),
(8, 84),
(57, 91),
(51, 63),
(71, 22),
(4, 7),
(4, 45),
(73, 75),
(87, 29),
(60, 43),
(36, 38),
(90, 17),
(37, 95),
(74, 16),
(11, 55),
(37, 80),
(90, 84),
(76, 27),
(42, 48),
(27, 87),
(77, 97),
(61, 31),
(100, 52),
(99, 84),
(74, 82),
(100, 32),
(61, 29),
(94, 19),
(9, 16),
(22, 21),
(78, 56),
(72, 69),
(40, 70),
(20, 34),
(5, 6),
(16, 39),
(12, 27),
(10, 17),
(93, 61),
(47, 68),
(4, 98),
(31, 58),
(33, 72),
(92, 21),
(31, 67),
(101, 91),
(30, 55),
(65, 97),
(49, 90),
(62, 81),
(66, 100),
(37, 49),
(33, 93),
(66, 73),
(86, 41),
(36, 11),
(92, 99),
(42, 48),
(41, 43),
(11, 82),
(47, 8),
(51, 46),
(50, 97),
(51, 39),
(52, 22),
(1, 26),
(27, 48),
(15, 36),
(87, 18),
(65, 88),
(66, 60),
(96, 68),
(76, 100),
(8, 95),
(31, 74),
(34, 20),
(73, 8),
(24, 16),
(21, 88),
(23, 62),
(43, 99),
(62, 28),
(82, 45),
(11, 27),
(61, 17),
(18, 24),
(29, 24),
(11, 41),
(66, 57),
(20, 96),
(39, 36),
(9, 18),
(46, 94),
(91, 82),
(59, 85),
(43, 18),
(62, 83),
(9, 78),
(84, 68),
(32, 88),
(2, 10),
(38, 57),
(25, 89),
(86, 74),
(44, 22),
(47, 83),
(48, 82),
(95, 31),
(82, 37),
(89, 81),
(9, 88),
(90, 43),
(33, 92),
(26, 40),
(81, 52),
(22, 29),
(39, 37),
(63, 53),
(22, 28),
(86, 89),
(95, 93),
(99, 10),
(90, 7),
(7, 1),
(32, 16),
(26, 53),
(64, 32),
(43, 16),
(7, 4),
(55, 101),
(62, 5),
(39, 64),
(87, 84),
(44, 54),
(48, 51),
(92, 23),
(53, 84),
(50, 66),
(57, 86),
(88, 95),
(88, 10),
(79, 8),
(49, 82),
(8, 70),
(64, 101),
(26, 56),
(82, 100),
(26, 99),
(2, 1),
(71, 23),
(89, 6),
(16, 4),
(75, 17),
(73, 29),
(1, 74),
(39, 84),
(56, 65),
(18, 2),
(61, 71),
(47, 75),
(6, 91),
(75, 3),
(81, 95),
(62, 20),
(78, 19),
(90, 50),
(26, 32),
(44, 21),
(81, 72),
(56, 82),
(32, 25),
(36, 76),
(43, 87),
(85, 3),
(92, 22),
(92, 44),
(38, 94),
(9, 58),
(69, 70),
(83, 72),
(95, 29),
(57, 9),
(73, 37),
(13, 84),
(49, 42),
(38, 36),
(90, 71),
(19, 87),
(74, 101),
(101, 46),
(30, 40),
(83, 92),
(48, 30),
(75, 98),
(49, 60),
(96, 38),
(38, 1),
(101, 27),
(40, 53),
(62, 51),
(79, 42),
(78, 45),
(32, 43),
(51, 7),
(39, 90),
(18, 55),
(91, 42),
(74, 101),
(1, 100),
(43, 36),
(50, 34),
(26, 80),
(54, 42),
(58, 12),
(57, 5),
(33, 87),
(41, 36),
(31, 93),
(62, 24),
(56, 59),
(53, 66),
(10, 48),
(1, 29),
(7, 95),
(18, 86),
(90, 40),
(39, 73),
(66, 75),
(75, 21),
(95, 27),
(41, 57),
(47, 87),
(64, 90),
(66, 31),
(33, 31),
(46, 55),
(48, 63),
(52, 37),
(38, 15),
(12, 28),
(87, 9),
(57, 82),
(30, 60),
(88, 64),
(98, 8),
(5, 68),
(71, 93),
(61, 70),
(51, 81),
(67, 31),
(24, 44),
(18, 89),
(87, 89),
(72, 78),
(19, 50),
(37, 33),
(79, 51),
(73, 49),
(83, 27),
(32, 89),
(7, 73),
(68, 38),
(88, 74),
(95, 61),
(62, 16),
(64, 55),
(74, 19),
(73, 60),
(21, 31),
(81, 98),
(63, 100),
(82, 35),
(92, 23),
(26, 29),
(40, 99),
(1, 60),
(5, 73),
(43, 60),
(93, 74),
(22, 70),
(28, 69),
(94, 101),
(82, 55),
(75, 47),
(20, 18),
(78, 58),
(15, 68),
(85, 41),
(51, 44),
(29, 72),
(69, 54),
(26, 34),
(33, 35),
(93, 31),
(23, 64),
(19, 89),
(78, 53),
(43, 100),
(10, 71),
(60, 67),
(6, 5),
(65, 99),
(87, 100),
(99, 15),
(19, 67),
(26, 36),
(23, 20),
(25, 61),
(39, 26),
(74, 60),
(44, 70),
(46, 24),
(25, 42),
(83, 88),
(46, 37),
(42, 26),
(75, 49),
(86, 98),
(30, 15),
(20, 49),
(43, 91),
(85, 46),
(32, 75),
(24, 35),
(14, 39),
(46, 85),
(9, 98),
(85, 20),
(2, 7),
(98, 40),
(40, 80),
(99, 32),
(90, 62),
(28, 4),
(40, 75),
(17, 3),
(31, 83),
(48, 75),
(16, 6),
(101, 41),
(76, 37),
(73, 31),
(47, 84),
(74, 53),
(72, 3),
(19, 94),
(75, 3),
(24, 69),
(80, 48),
(33, 36),
(60, 8),
(83, 50),
(31, 82),
(71, 29),
(32, 95),
(40, 97),
(26, 11),
(31, 94),
(53, 12),
(78, 47),
(2, 96),
(61, 84),
(42, 89),
(55, 91),
(22, 84),
(43, 39),
(42, 68),
(21, 73),
(18, 36),
(39, 84),
(9, 58),
(44, 78),
(66, 44),
(91, 71),
(28, 91),
(15, 1),
(88, 88),
(23, 75),
(58, 52),
(76, 4),
(76, 45),
(98, 78),
(49, 22),
(18, 55),
(81, 68),
(75, 99),
(98, 49),
(86, 52),
(94, 95),
(101, 76),
(80, 79),
(71, 30),
(57, 43),
(94, 71),
(82, 11),
(45, 84),
(74, 93),
(60, 23),
(78, 38),
(2, 74),
(14, 44),
(40, 56),
(9, 44),
(34, 74),
(63, 84),
(64, 56),
(61, 12),
(27, 60),
(4, 83),
(51, 49),
(15, 26),
(46, 52),
(50, 101),
(76, 21),
(48, 56),
(54, 83),
(94, 1),
(85, 8),
(21, 85),
(11, 29),
(59, 70),
(37, 32),
(7, 33),
(26, 44),
(3, 73),
(26, 6),
(47, 33),
(62, 27),
(81, 61),
(36, 11),
(3, 65),
(62, 64),
(16, 79),
(71, 29),
(42, 82),
(71, 80),
(27, 17),
(16, 9),
(22, 22),
(2, 12),
(77, 53),
(19, 36),
(51, 67),
(94, 83),
(38, 14),
(18, 96),
(53, 49),
(75, 52),
(62, 28),
(89, 48),
(11, 49),
(93, 12),
(46, 88),
(50, 53),
(62, 72),
(8, 33),
(100, 32),
(22, 11),
(70, 40),
(4, 86),
(94, 28),
(72, 80),
(87, 10),
(73, 69),
(99, 54),
(23, 93),
(9, 78),
(3, 48),
(91, 87),
(40, 48),
(83, 52),
(100, 37),
(42, 89),
(14, 19),
(53, 97),
(98, 64),
(43, 29),
(49, 83),
(27, 34),
(29, 19),
(23, 79),
(35, 3),
(87, 70),
(59, 34),
(93, 87),
(37, 69),
(91, 73),
(11, 101),
(20, 10),
(19, 33),
(68, 54),
(38, 16),
(20, 23),
(35, 21),
(26, 37),
(32, 76),
(48, 56),
(83, 25),
(84, 84),
(70, 88),
(65, 54),
(11, 54),
(56, 79),
(92, 88),
(58, 40),
(8, 54),
(29, 5),
(8, 9),
(55, 19),
(84, 15),
(83, 89),
(99, 50),
(94, 83),
(13, 15),
(1, 91),
(25, 72),
(37, 26),
(31, 14),
(48, 16),
(94, 3),
(85, 7),
(51, 44),
(69, 93),
(51, 48),
(12, 9),
(99, 28),
(5, 47),
(84, 56),
(75, 92),
(35, 81),
(10, 29),
(23, 45),
(58, 64),
(1, 97),
(6, 86),
(60, 57),
(43, 80),
(68, 3),
(24, 30),
(12, 85),
(22, 2),
(100, 96),
(60, 77),
(95, 22),
(26, 65),
(57, 84),
(29, 18),
(45, 61),
(80, 90),
(63, 31),
(95, 83),
(4, 12),
(80, 54),
(12, 70),
(56, 15),
(87, 74),
(100, 41),
(6, 37),
(55, 59),
(10, 21),
(25, 58),
(47, 4),
(72, 57),
(35, 63),
(10, 39),
(60, 96),
(40, 36),
(101, 5),
(44, 16),
(54, 62),
(61, 78),
(57, 74),
(70, 18),
(6, 60),
(56, 45),
(100, 92),
(24, 94),
(21, 44),
(43, 88),
(48, 19),
(29, 60),
(97, 39),
(70, 88),
(20, 42),
(88, 93),
(87, 53),
(6, 33),
(38, 55),
(83, 39),
(43, 17),
(45, 80),
(67, 89),
(21, 6),
(75, 8),
(80, 22),
(99, 9),
(92, 96),
(87, 50),
(2, 100),
(98, 75),
(76, 72),
(35, 56),
(47, 86),
(31, 31),
(55, 66),
(66, 91),
(88, 65),
(19, 75),
(26, 28),
(71, 26),
(23, 3),
(60, 51),
(86, 13),
(12, 89),
(11, 30),
(62, 54),
(16, 45),
(20, 69),
(74, 10),
(9, 45),
(29, 60),
(68, 70),
(66, 7),
(86, 43),
(14, 43),
(24, 49),
(1, 47),
(46, 75),
(79, 53),
(34, 100),
(22, 14),
(34, 100),
(11, 80),
(28, 62),
(99, 79),
(39, 7),
(95, 87),
(44, 61),
(16, 2),
(28, 73),
(21, 37),
(81, 12),
(7, 84),
(16, 4),
(41, 44),
(98, 38),
(27, 28),
(10, 19),
(95, 73),
(3, 25),
(2, 51),
(41, 64),
(14, 66),
(17, 57),
(10, 56),
(72, 92),
(49, 77),
(66, 52),
(73, 31),
(56, 22),
(22, 67),
(64, 48),
(40, 96),
(17, 38),
(8, 17),
(44, 36),
(44, 61),
(9, 32),
(62, 35),
(23, 31),
(3, 44),
(34, 68),
(53, 79),
(67, 10),
(14, 81),
(40, 26),
(69, 89),
(17, 10),
(40, 67),
(5, 56),
(27, 74),
(58, 45),
(91, 32),
(83, 23),
(64, 15),
(39, 10),
(6, 100),
(14, 50),
(11, 42),
(7, 74),
(48, 17),
(43, 92),
(78, 5),
(32, 50),
(7, 98),
(41, 72),
(85, 100),
(44, 52),
(95, 34),
(69, 12),
(13, 35),
(33, 87),
(18, 26),
(32, 50),
(34, 71),
(51, 30),
(54, 79),
(41, 84),
(79, 46),
(16, 73),
(12, 95),
(100, 72),
(52, 45),
(11, 97),
(86, 8),
(69, 77),
(64, 11),
(92, 68),
(20, 93),
(8, 46),
(56, 26),
(14, 24),
(27, 38),
(35, 13),
(24, 80),
(52, 62),
(80, 13),
(64, 84),
(10, 52),
(6, 19),
(10, 2),
(53, 18),
(89, 90),
(90, 26),
(21, 34),
(67, 72),
(1, 101),
(1, 13),
(67, 58),
(45, 91),
(25, 31),
(63, 77),
(29, 48),
(48, 81),
(9, 97),
(41, 76),
(73, 74),
(57, 7),
(98, 92),
(35, 66),
(45, 91),
(79, 79),
(46, 20),
(35, 24),
(92, 56),
(51, 74),
(42, 97),
(75, 68),
(58, 88),
(66, 25),
(5, 89),
(40, 61),
(70, 22),
(67, 35),
(73, 37),
(2, 56),
(80, 82),
(15, 54),
(40, 41),
(33, 69),
(39, 33),
(9, 33),
(65, 5),
(86, 73),
(71, 8),
(97, 33),
(75, 49),
(81, 26),
(18, 79),
(39, 37),
(78, 86),
(66, 65),
(51, 16),
(98, 16),
(41, 35),
(64, 76),
(52, 27),
(47, 81),
(20, 19),
(45, 56),
(26, 20),
(56, 100),
(57, 24),
(76, 19),
(79, 10),
(60, 81),
(11, 95),
(98, 91),
(90, 55),
(74, 96),
(78, 33),
(62, 62),
(6, 71),
(35, 75),
(29, 32),
(99, 62),
(37, 65),
(73, 6),
(18, 16),
(85, 40),
(75, 66),
(5, 9),
(52, 91),
(75, 47),
(43, 100),
(61, 28),
(40, 23),
(23, 12),
(1, 21),
(99, 18),
(97, 46),
(68, 29),
(2, 4),
(34, 67),
(101, 4),
(54, 24),
(94, 9),
(39, 27),
(88, 95),
(9, 89),
(73, 97),
(3, 32),
(86, 39),
(29, 3),
(59, 88),
(6, 29),
(70, 78),
(45, 78),
(95, 67),
(67, 14),
(73, 73),
(61, 3),
(24, 57),
(17, 18),
(77, 71),
(66, 11),
(19, 82),
(22, 53),
(26, 91),
(43, 24),
(100, 63),
(77, 21),
(11, 44),
(82, 39),
(72, 55),
(8, 31),
(40, 37),
(96, 59),
(3, 59),
(50, 66),
(38, 21),
(73, 36),
(55, 74),
(69, 17),
(42, 67),
(8, 22),
(23, 71),
(34, 77),
(71, 80),
(57, 55),
(41, 9),
(37, 71),
(43, 77),
(57, 101),
(47, 45);

-- --------------------------------------------------------

--
-- Table structure for table `sessions`
--

CREATE TABLE `sessions` (
  `id` varchar(255) NOT NULL,
  `user_id` bigint(20) UNSIGNED DEFAULT NULL,
  `ip_address` varchar(45) DEFAULT NULL,
  `user_agent` text DEFAULT NULL,
  `payload` longtext NOT NULL,
  `last_activity` int(11) NOT NULL
) ENGINE=InnoDB DEFAULT CHARSET=utf8mb4 COLLATE=utf8mb4_unicode_ci;

-- --------------------------------------------------------

--
-- Table structure for table `timesheets`
--

CREATE TABLE `timesheets` (
  `id` bigint(20) UNSIGNED NOT NULL,
  `project_id` bigint(20) UNSIGNED NOT NULL,
  `user_id` bigint(20) UNSIGNED NOT NULL,
  `name` varchar(255) NOT NULL,
  `date` date NOT NULL,
  `hours` int(11) NOT NULL,
  `created_at` timestamp NULL DEFAULT NULL,
  `updated_at` timestamp NULL DEFAULT NULL
) ENGINE=InnoDB DEFAULT CHARSET=utf8mb4 COLLATE=utf8mb4_unicode_ci;

--
-- Dumping data for table `timesheets`
--

INSERT INTO `timesheets` (`id`, `project_id`, `user_id`, `name`, `date`, `hours`, `created_at`, `updated_at`) VALUES
(1, 1, 1, 'task 1', '2024-01-20', 5, '2024-10-09 06:21:19', '2024-10-09 06:21:19'),
(3, 1, 1, 'task 2', '2024-01-20', 5, '2024-10-09 06:21:19', '2024-10-09 06:21:19'),
(5, 1, 1, 'task 3', '2024-01-20', 5, '2024-10-09 06:21:19', '2024-10-09 06:21:19'),
(6, 8, 22, 'alias doloribus dolorem', '1971-12-02', 162, '2024-10-09 06:21:19', '2024-10-09 06:21:19'),
(7, 4, 20, 'expedita aliquid rerum', '1981-03-15', 83, '2024-10-09 06:21:19', '2024-10-09 06:21:19'),
(8, 73, 51, 'officiis aliquam aut', '2016-10-26', 160, '2024-10-09 06:21:19', '2024-10-09 06:21:19'),
(9, 87, 94, 'illum dolores rerum', '1975-04-08', 5, '2024-10-09 06:21:19', '2024-10-09 06:21:19'),
(10, 17, 42, 'autem omnis voluptates', '2017-01-04', 144, '2024-10-09 06:21:19', '2024-10-09 06:21:19'),
(11, 28, 62, 'illo voluptas voluptas', '1984-11-07', 176, '2024-10-09 06:21:19', '2024-10-09 06:21:19'),
(12, 50, 72, 'dolor voluptatum sed', '1992-06-04', 113, '2024-10-09 06:21:19', '2024-10-09 06:21:19'),
(13, 8, 1, 'at qui molestiae', '1993-03-24', 134, '2024-10-09 06:21:19', '2024-10-09 06:21:19'),
(14, 87, 5, 'modi sunt magnam', '1990-05-16', 103, '2024-10-09 06:21:19', '2024-10-09 06:21:19'),
(15, 52, 84, 'dolores rem quia', '1982-12-19', 173, '2024-10-09 06:21:19', '2024-10-09 06:21:19'),
(16, 30, 19, 'dolorem pariatur excepturi', '1972-11-06', 14, '2024-10-09 06:21:20', '2024-10-09 06:21:20'),
(17, 84, 58, 'commodi dicta reiciendis', '1975-04-07', 186, '2024-10-09 06:21:20', '2024-10-09 06:21:20'),
(18, 20, 10, 'eveniet et blanditiis', '1974-06-09', 59, '2024-10-09 06:21:20', '2024-10-09 06:21:20'),
(19, 64, 78, 'officiis ut ipsam', '1991-05-01', 197, '2024-10-09 06:21:20', '2024-10-09 06:21:20'),
(20, 93, 76, 'ducimus consequatur rem', '2008-07-26', 31, '2024-10-09 06:21:20', '2024-10-09 06:21:20'),
(21, 72, 31, 'illum natus minus', '1989-01-21', 151, '2024-10-09 06:21:20', '2024-10-09 06:21:20'),
(22, 63, 72, 'facilis consequatur aspernatur', '1995-11-12', 166, '2024-10-09 06:21:20', '2024-10-09 06:21:20'),
(23, 7, 37, 'iure repellendus fugiat', '2008-02-11', 199, '2024-10-09 06:21:20', '2024-10-09 06:21:20'),
(24, 88, 34, 'consequatur minima sint', '2011-12-11', 172, '2024-10-09 06:21:20', '2024-10-09 06:21:20'),
(25, 56, 55, 'ut autem saepe', '2005-11-18', 160, '2024-10-09 06:21:20', '2024-10-09 06:21:20'),
(26, 77, 3, 'ea cum vel', '1998-11-09', 125, '2024-10-09 06:21:20', '2024-10-09 06:21:20'),
(27, 43, 44, 'quia beatae sit', '2024-03-13', 137, '2024-10-09 06:21:20', '2024-10-09 06:21:20'),
(28, 96, 93, 'debitis praesentium voluptas', '1973-06-08', 89, '2024-10-09 06:21:20', '2024-10-09 06:21:20'),
(29, 90, 45, 'cum totam qui', '2023-08-01', 115, '2024-10-09 06:21:20', '2024-10-09 06:21:20'),
(30, 96, 95, 'consequatur perspiciatis corporis', '2017-08-04', 175, '2024-10-09 06:21:20', '2024-10-09 06:21:20'),
(31, 39, 49, 'id ut sit', '1977-11-10', 156, '2024-10-09 06:21:20', '2024-10-09 06:21:20'),
(32, 12, 22, 'et aut nam', '1999-05-29', 118, '2024-10-09 06:21:20', '2024-10-09 06:21:20'),
(33, 66, 56, 'ab omnis minus', '2018-08-13', 172, '2024-10-09 06:21:20', '2024-10-09 06:21:20'),
(34, 54, 57, 'odit velit incidunt', '1973-01-09', 74, '2024-10-09 06:21:20', '2024-10-09 06:21:20'),
(35, 75, 37, 'excepturi iste cupiditate', '2015-05-03', 134, '2024-10-09 06:21:20', '2024-10-09 06:21:20'),
(36, 26, 75, 'nihil minima voluptatum', '1988-09-02', 152, '2024-10-09 06:21:20', '2024-10-09 06:21:20'),
(37, 100, 20, 'beatae id commodi', '1999-07-13', 189, '2024-10-09 06:21:20', '2024-10-09 06:21:20'),
(38, 7, 15, 'adipisci laborum omnis', '1996-06-13', 169, '2024-10-09 06:21:20', '2024-10-09 06:21:20'),
(39, 63, 27, 'at quaerat fugiat', '2006-04-30', 111, '2024-10-09 06:21:20', '2024-10-09 06:21:20'),
(40, 69, 37, 'sed ab qui', '2001-09-13', 41, '2024-10-09 06:21:20', '2024-10-09 06:21:20'),
(41, 26, 81, 'assumenda qui et', '1993-07-25', 71, '2024-10-09 06:21:20', '2024-10-09 06:21:20'),
(42, 42, 61, 'totam similique odio', '1989-03-25', 56, '2024-10-09 06:21:20', '2024-10-09 06:21:20'),
(43, 5, 41, 'voluptates ratione aliquid', '1976-07-11', 90, '2024-10-09 06:21:20', '2024-10-09 06:21:20'),
(44, 26, 72, 'dolor consequuntur enim', '2007-05-05', 196, '2024-10-09 06:21:20', '2024-10-09 06:21:20'),
(45, 52, 56, 'molestiae vel distinctio', '2009-03-29', 101, '2024-10-09 06:21:20', '2024-10-09 06:21:20'),
(46, 51, 13, 'quasi mollitia veniam', '1980-04-25', 60, '2024-10-09 06:21:20', '2024-10-09 06:21:20'),
(47, 7, 13, 'blanditiis quas in', '2018-04-19', 187, '2024-10-09 06:21:20', '2024-10-09 06:21:20'),
(48, 21, 13, 'qui iste cum', '2021-10-15', 79, '2024-10-09 06:21:20', '2024-10-09 06:21:20'),
(49, 73, 47, 'eligendi occaecati expedita', '2006-12-05', 183, '2024-10-09 06:21:20', '2024-10-09 06:21:20'),
(50, 86, 9, 'qui quia alias', '1998-03-09', 107, '2024-10-09 06:21:20', '2024-10-09 06:21:20'),
(51, 18, 43, 'nesciunt id ab', '1993-07-01', 174, '2024-10-09 06:21:20', '2024-10-09 06:21:20'),
(52, 12, 101, 'dolore velit est', '2020-09-08', 147, '2024-10-09 06:21:20', '2024-10-09 06:21:20'),
(53, 32, 72, 'voluptatem consequatur aut', '2020-04-15', 9, '2024-10-09 06:21:20', '2024-10-09 06:21:20'),
(54, 27, 88, 'a quis provident', '1991-03-22', 183, '2024-10-09 06:21:20', '2024-10-09 06:21:20'),
(55, 38, 57, 'saepe ut libero', '2004-06-06', 116, '2024-10-09 06:21:20', '2024-10-09 06:21:20'),
(56, 26, 38, 'omnis ut ea', '1999-08-20', 160, '2024-10-09 06:21:20', '2024-10-09 06:21:20'),
(57, 79, 38, 'reprehenderit est qui', '2010-10-06', 162, '2024-10-09 06:21:20', '2024-10-09 06:21:20'),
(58, 20, 82, 'ratione voluptatum et', '2013-12-01', 6, '2024-10-09 06:21:20', '2024-10-09 06:21:20'),
(59, 90, 53, 'neque est eius', '1996-06-06', 62, '2024-10-09 06:21:20', '2024-10-09 06:21:20'),
(60, 42, 75, 'ratione consequatur architecto', '2021-09-27', 11, '2024-10-09 06:21:20', '2024-10-09 06:21:20'),
(61, 36, 23, 'qui qui illo', '1988-06-14', 8, '2024-10-09 06:21:20', '2024-10-09 06:21:20'),
(62, 57, 26, 'dolor aut dolore', '1982-08-04', 139, '2024-10-09 06:21:20', '2024-10-09 06:21:20'),
(63, 74, 20, 'omnis dolore aliquam', '2002-12-06', 191, '2024-10-09 06:21:20', '2024-10-09 06:21:20'),
(64, 41, 56, 'consequatur expedita ipsa', '2000-08-17', 136, '2024-10-09 06:21:20', '2024-10-09 06:21:20'),
(65, 51, 30, 'officiis sed officia', '1978-12-24', 153, '2024-10-09 06:21:20', '2024-10-09 06:21:20'),
(66, 86, 98, 'qui dicta earum', '2008-11-23', 124, '2024-10-09 06:21:20', '2024-10-09 06:21:20'),
(67, 6, 12, 'ducimus consectetur eos', '1986-04-11', 111, '2024-10-09 06:21:20', '2024-10-09 06:21:20'),
(68, 23, 67, 'aut recusandae amet', '1999-04-23', 142, '2024-10-09 06:21:20', '2024-10-09 06:21:20'),
(69, 57, 91, 'corporis consequatur omnis', '2003-11-27', 31, '2024-10-09 06:21:20', '2024-10-09 06:21:20'),
(70, 24, 49, 'assumenda itaque voluptate', '2022-01-05', 65, '2024-10-09 06:21:20', '2024-10-09 06:21:20'),
(71, 71, 57, 'qui ipsum neque', '1971-01-13', 138, '2024-10-09 06:21:20', '2024-10-09 06:21:20'),
(72, 90, 82, 'hic saepe qui', '1989-06-27', 35, '2024-10-09 06:21:20', '2024-10-09 06:21:20'),
(73, 78, 37, 'consequatur iusto ipsum', '1980-03-18', 34, '2024-10-09 06:21:20', '2024-10-09 06:21:20'),
(74, 88, 53, 'officiis soluta quo', '2012-06-29', 57, '2024-10-09 06:21:20', '2024-10-09 06:21:20'),
(75, 40, 70, 'cumque id optio', '1971-08-05', 179, '2024-10-09 06:21:20', '2024-10-09 06:21:20'),
(76, 39, 48, 'rerum animi et', '2017-09-07', 198, '2024-10-09 06:21:20', '2024-10-09 06:21:20'),
(77, 76, 20, 'voluptates neque quia', '1972-09-11', 178, '2024-10-09 06:21:20', '2024-10-09 06:21:20'),
(78, 36, 79, 'dignissimos perspiciatis atque', '1990-04-21', 41, '2024-10-09 06:21:20', '2024-10-09 06:21:20'),
(79, 92, 70, 'dicta nihil voluptas', '1972-11-20', 67, '2024-10-09 06:21:21', '2024-10-09 06:21:21'),
(80, 37, 1, 'molestiae qui inventore', '1999-11-19', 145, '2024-10-09 06:21:21', '2024-10-09 06:21:21'),
(81, 81, 57, 'id impedit aut', '1981-06-02', 116, '2024-10-09 06:21:21', '2024-10-09 06:21:21'),
(82, 20, 76, 'qui possimus ut', '2007-12-05', 46, '2024-10-09 06:21:21', '2024-10-09 06:21:21'),
(83, 21, 33, 'veniam eaque rerum', '2005-05-05', 82, '2024-10-09 06:21:21', '2024-10-09 06:21:21'),
(84, 55, 84, 'nemo omnis ipsam', '2011-11-10', 181, '2024-10-09 06:21:21', '2024-10-09 06:21:21'),
(85, 14, 53, 'ducimus dolore officiis', '1973-08-08', 55, '2024-10-09 06:21:21', '2024-10-09 06:21:21'),
(86, 32, 3, 'excepturi repellendus quidem', '2024-09-05', 131, '2024-10-09 06:21:21', '2024-10-09 06:21:21'),
(87, 88, 98, 'doloribus saepe animi', '1979-12-26', 139, '2024-10-09 06:21:21', '2024-10-09 06:21:21'),
(88, 36, 84, 'nostrum dolorum ut', '2009-04-09', 169, '2024-10-09 06:21:21', '2024-10-09 06:21:21'),
(89, 68, 85, 'odio at velit', '2013-09-29', 107, '2024-10-09 06:21:21', '2024-10-09 06:21:21'),
(90, 33, 48, 'eum eius ducimus', '2006-01-23', 154, '2024-10-09 06:21:21', '2024-10-09 06:21:21'),
(91, 84, 57, 'voluptatem est suscipit', '1980-05-29', 73, '2024-10-09 06:21:21', '2024-10-09 06:21:21'),
(92, 93, 19, 'quo vero iusto', '2007-07-01', 184, '2024-10-09 06:21:21', '2024-10-09 06:21:21'),
(93, 73, 71, 'maxime id dolores', '1995-06-18', 125, '2024-10-09 06:21:21', '2024-10-09 06:21:21'),
(94, 70, 74, 'voluptatem ut aspernatur', '2010-08-12', 107, '2024-10-09 06:21:21', '2024-10-09 06:21:21'),
(95, 42, 33, 'sint natus delectus', '2007-06-03', 143, '2024-10-09 06:21:21', '2024-10-09 06:21:21'),
(96, 46, 16, 'quia aut totam', '2007-06-21', 12, '2024-10-09 06:21:21', '2024-10-09 06:21:21'),
(97, 36, 99, 'ut hic esse', '1982-05-31', 55, '2024-10-09 06:21:21', '2024-10-09 06:21:21'),
(98, 7, 23, 'fugit sapiente aliquid', '2021-10-27', 138, '2024-10-09 06:21:21', '2024-10-09 06:21:21'),
(99, 17, 78, 'similique quibusdam quisquam', '1992-04-30', 122, '2024-10-09 06:21:21', '2024-10-09 06:21:21'),
(100, 11, 8, 'alias reprehenderit inventore', '2020-04-21', 184, '2024-10-09 06:21:21', '2024-10-09 06:21:21'),
(101, 9, 52, 'rem magni eveniet', '1984-04-03', 81, '2024-10-09 06:21:21', '2024-10-09 06:21:21'),
(102, 37, 29, 'dicta accusantium quam', '1994-01-20', 131, '2024-10-09 06:21:21', '2024-10-09 06:21:21'),
(103, 11, 67, 'nostrum eum id', '1989-08-13', 200, '2024-10-09 06:21:21', '2024-10-09 06:21:21'),
(104, 79, 19, 'eum id explicabo', '1995-10-04', 47, '2024-10-09 06:21:21', '2024-10-09 06:21:21'),
(105, 40, 50, 'rerum voluptatem vero', '1980-03-27', 105, '2024-10-09 06:21:21', '2024-10-09 06:21:21'),
(106, 23, 60, 'et eum porro', '1993-09-04', 96, '2024-10-09 06:21:21', '2024-10-09 06:21:21'),
(107, 97, 84, 'velit eligendi sunt', '1973-05-04', 29, '2024-10-09 06:21:21', '2024-10-09 06:21:21'),
(108, 78, 64, 'provident minima dicta', '1970-07-16', 147, '2024-10-09 06:21:21', '2024-10-09 06:21:21'),
(109, 4, 55, 'rerum ut enim', '1988-09-07', 185, '2024-10-09 06:21:21', '2024-10-09 06:21:21'),
(110, 17, 42, 'et dolor accusamus', '1974-05-29', 58, '2024-10-09 06:21:21', '2024-10-09 06:21:21'),
(111, 5, 21, 'quis aliquam rerum', '1988-05-25', 46, '2024-10-09 06:21:21', '2024-10-09 06:21:21'),
(112, 97, 58, 'iure aut tenetur', '2015-02-02', 137, '2024-10-09 06:21:21', '2024-10-09 06:21:21'),
(113, 89, 99, 'non sed dignissimos', '1971-11-29', 145, '2024-10-09 06:21:21', '2024-10-09 06:21:21'),
(114, 94, 7, 'aliquam qui aperiam', '2010-10-07', 96, '2024-10-09 06:21:21', '2024-10-09 06:21:21'),
(115, 13, 39, 'voluptatem voluptatum sed', '1990-09-02', 125, '2024-10-09 06:21:21', '2024-10-09 06:21:21'),
(116, 28, 31, 'neque inventore voluptatem', '1972-10-22', 17, '2024-10-09 06:21:21', '2024-10-09 06:21:21'),
(117, 59, 38, 'nobis accusamus ad', '2002-01-19', 47, '2024-10-09 06:21:21', '2024-10-09 06:21:21'),
(118, 19, 39, 'voluptatum molestiae pariatur', '1979-09-03', 36, '2024-10-09 06:21:21', '2024-10-09 06:21:21'),
(119, 62, 97, 'provident dolorum odit', '2012-04-15', 90, '2024-10-09 06:21:21', '2024-10-09 06:21:21'),
(120, 20, 68, 'aliquam atque nostrum', '1971-11-09', 146, '2024-10-09 06:21:21', '2024-10-09 06:21:21'),
(121, 82, 66, 'impedit ut illo', '1993-09-19', 107, '2024-10-09 06:21:21', '2024-10-09 06:21:21'),
(122, 52, 27, 'voluptatem aut et', '2011-11-11', 55, '2024-10-09 06:21:21', '2024-10-09 06:21:21'),
(123, 14, 81, 'non sapiente enim', '2017-07-15', 51, '2024-10-09 06:21:21', '2024-10-09 06:21:21'),
(124, 3, 82, 'repudiandae et voluptas', '1993-04-10', 99, '2024-10-09 06:21:21', '2024-10-09 06:21:21'),
(125, 47, 76, 'est et voluptatem', '1995-03-19', 144, '2024-10-09 06:21:21', '2024-10-09 06:21:21'),
(126, 53, 11, 'magnam et odit', '1996-01-03', 118, '2024-10-09 06:21:21', '2024-10-09 06:21:21'),
(127, 57, 61, 'omnis dicta quae', '2024-01-01', 185, '2024-10-09 06:21:21', '2024-10-09 06:21:21'),
(128, 1, 34, 'voluptates animi eos', '1984-04-23', 162, '2024-10-09 06:21:21', '2024-10-09 06:21:21'),
(129, 33, 23, 'ea non voluptas', '1972-05-03', 87, '2024-10-09 06:21:21', '2024-10-09 06:21:21'),
(130, 74, 15, 'nulla a debitis', '1997-08-02', 125, '2024-10-09 06:21:21', '2024-10-09 06:21:21'),
(131, 16, 49, 'tenetur porro dignissimos', '1974-05-12', 175, '2024-10-09 06:21:21', '2024-10-09 06:21:21'),
(132, 60, 33, 'ipsam accusantium animi', '2007-02-20', 191, '2024-10-09 06:21:21', '2024-10-09 06:21:21'),
(133, 13, 35, 'et vitae nobis', '2011-11-06', 4, '2024-10-09 06:21:21', '2024-10-09 06:21:21'),
(134, 20, 11, 'nesciunt quaerat ad', '1982-05-21', 74, '2024-10-09 06:21:21', '2024-10-09 06:21:21'),
(135, 76, 63, 'esse ratione repellendus', '1982-04-28', 24, '2024-10-09 06:21:21', '2024-10-09 06:21:21'),
(136, 79, 3, 'iste officiis reiciendis', '1972-02-22', 94, '2024-10-09 06:21:22', '2024-10-09 06:21:22'),
(137, 16, 53, 'nihil tempora culpa', '1999-12-29', 25, '2024-10-09 06:21:22', '2024-10-09 06:21:22'),
(138, 79, 33, 'ipsa et labore', '2021-12-04', 45, '2024-10-09 06:21:22', '2024-10-09 06:21:22'),
(139, 26, 54, 'perferendis reprehenderit esse', '1980-05-14', 68, '2024-10-09 06:21:22', '2024-10-09 06:21:22'),
(140, 56, 63, 'sit praesentium suscipit', '1983-03-27', 73, '2024-10-09 06:21:22', '2024-10-09 06:21:22'),
(141, 13, 95, 'qui ut unde', '1972-10-22', 193, '2024-10-09 06:21:22', '2024-10-09 06:21:22'),
(142, 65, 48, 'assumenda sequi sunt', '1972-07-14', 152, '2024-10-09 06:21:22', '2024-10-09 06:21:22'),
(143, 21, 80, 'velit architecto sapiente', '1976-11-24', 51, '2024-10-09 06:21:22', '2024-10-09 06:21:22'),
(144, 51, 33, 'corrupti inventore veniam', '2022-07-22', 114, '2024-10-09 06:21:22', '2024-10-09 06:21:22'),
(145, 47, 10, 'sit voluptas dolores', '1971-10-05', 41, '2024-10-09 06:21:22', '2024-10-09 06:21:22'),
(146, 43, 50, 'animi voluptatem facilis', '1994-10-03', 165, '2024-10-09 06:21:22', '2024-10-09 06:21:22'),
(147, 2, 23, 'et similique sapiente', '1982-04-23', 20, '2024-10-09 06:21:22', '2024-10-09 06:21:22'),
(148, 53, 6, 'quam qui fugit', '1971-01-04', 117, '2024-10-09 06:21:22', '2024-10-09 06:21:22'),
(149, 41, 76, 'eos voluptatem porro', '2012-09-10', 145, '2024-10-09 06:21:22', '2024-10-09 06:21:22'),
(150, 77, 27, 'placeat ipsum consequuntur', '1982-05-04', 78, '2024-10-09 06:21:22', '2024-10-09 06:21:22'),
(151, 41, 69, 'totam cumque eum', '2023-01-03', 190, '2024-10-09 06:21:22', '2024-10-09 06:21:22'),
(152, 38, 68, 'impedit ea sed', '2019-10-20', 88, '2024-10-09 06:21:22', '2024-10-09 06:21:22'),
(153, 69, 30, 'ut et recusandae', '2016-07-23', 35, '2024-10-09 06:21:22', '2024-10-09 06:21:22'),
(154, 35, 17, 'neque consequatur reiciendis', '1983-02-28', 186, '2024-10-09 06:21:22', '2024-10-09 06:21:22'),
(155, 44, 68, 'doloremque ut nisi', '1973-02-05', 34, '2024-10-09 06:21:22', '2024-10-09 06:21:22'),
(156, 35, 6, 'recusandae molestiae et', '1978-01-04', 153, '2024-10-09 06:21:22', '2024-10-09 06:21:22'),
(157, 77, 17, 'et est voluptate', '1982-11-12', 50, '2024-10-09 06:21:22', '2024-10-09 06:21:22'),
(158, 11, 27, 'maiores omnis aut', '1977-12-02', 94, '2024-10-09 06:21:22', '2024-10-09 06:21:22'),
(159, 28, 7, 'dolor asperiores repudiandae', '1994-12-02', 25, '2024-10-09 06:21:22', '2024-10-09 06:21:22'),
(160, 39, 17, 'aut enim ullam', '1997-01-11', 194, '2024-10-09 06:21:22', '2024-10-09 06:21:22'),
(161, 3, 77, 'repellat cumque aut', '1997-09-12', 72, '2024-10-09 06:21:22', '2024-10-09 06:21:22'),
(162, 96, 75, 'sunt qui cupiditate', '1970-04-20', 162, '2024-10-09 06:21:22', '2024-10-09 06:21:22'),
(163, 85, 21, 'neque quasi quidem', '2019-01-19', 172, '2024-10-09 06:21:22', '2024-10-09 06:21:22'),
(164, 47, 68, 'temporibus impedit ex', '1981-04-13', 51, '2024-10-09 06:21:22', '2024-10-09 06:21:22'),
(165, 64, 49, 'quia animi corporis', '2007-02-13', 88, '2024-10-09 06:21:22', '2024-10-09 06:21:22'),
(166, 29, 33, 'accusamus sint tempora', '2022-11-08', 21, '2024-10-09 06:21:22', '2024-10-09 06:21:22'),
(167, 4, 10, 'in ut non', '2019-09-17', 149, '2024-10-09 06:21:22', '2024-10-09 06:21:22'),
(168, 50, 42, 'eligendi enim natus', '1992-10-30', 109, '2024-10-09 06:21:22', '2024-10-09 06:21:22'),
(169, 32, 6, 'ut officiis omnis', '2021-06-19', 1, '2024-10-09 06:21:22', '2024-10-09 06:21:22'),
(170, 59, 69, 'rerum consequatur itaque', '2006-12-07', 110, '2024-10-09 06:21:22', '2024-10-09 06:21:22'),
(171, 86, 13, 'sint quae vel', '1976-05-01', 166, '2024-10-09 06:21:22', '2024-10-09 06:21:22'),
(172, 25, 21, 'blanditiis et vitae', '2022-07-01', 129, '2024-10-09 06:21:22', '2024-10-09 06:21:22'),
(173, 93, 94, 'voluptatem qui tenetur', '1995-06-21', 75, '2024-10-09 06:21:22', '2024-10-09 06:21:22'),
(174, 32, 57, 'labore qui cum', '1976-10-21', 188, '2024-10-09 06:21:22', '2024-10-09 06:21:22'),
(175, 33, 97, 'ut incidunt quas', '1999-07-22', 125, '2024-10-09 06:21:22', '2024-10-09 06:21:22'),
(176, 61, 52, 'eos corrupti voluptatibus', '1972-12-16', 146, '2024-10-09 06:21:22', '2024-10-09 06:21:22'),
(177, 86, 1, 'asperiores et maiores', '1998-03-17', 127, '2024-10-09 06:21:22', '2024-10-09 06:21:22'),
(178, 27, 77, 'nam est assumenda', '2000-03-23', 116, '2024-10-09 06:21:22', '2024-10-09 06:21:22'),
(179, 11, 45, 'nihil dicta iste', '1992-06-07', 20, '2024-10-09 06:21:22', '2024-10-09 06:21:22'),
(180, 69, 9, 'earum aut ad', '2000-12-03', 127, '2024-10-09 06:21:22', '2024-10-09 06:21:22'),
(181, 60, 47, 'doloremque ducimus voluptas', '1991-08-04', 31, '2024-10-09 06:21:22', '2024-10-09 06:21:22'),
(182, 30, 38, 'corporis et omnis', '1977-06-15', 130, '2024-10-09 06:21:22', '2024-10-09 06:21:22'),
(183, 15, 19, 'quaerat et porro', '2014-06-08', 4, '2024-10-09 06:21:22', '2024-10-09 06:21:22'),
(184, 101, 39, 'provident dignissimos id', '2006-09-24', 95, '2024-10-09 06:21:22', '2024-10-09 06:21:22'),
(185, 41, 68, 'aut sunt voluptatibus', '1991-01-02', 108, '2024-10-09 06:21:22', '2024-10-09 06:21:22'),
(186, 63, 6, 'ut soluta asperiores', '1985-08-05', 45, '2024-10-09 06:21:22', '2024-10-09 06:21:22'),
(187, 31, 17, 'qui voluptatem consequatur', '1983-03-29', 55, '2024-10-09 06:21:22', '2024-10-09 06:21:22'),
(188, 12, 97, 'a dolorum aliquid', '2012-08-30', 173, '2024-10-09 06:21:22', '2024-10-09 06:21:22'),
(189, 33, 86, 'omnis odit dignissimos', '1985-01-01', 194, '2024-10-09 06:21:22', '2024-10-09 06:21:22'),
(190, 24, 70, 'dolor saepe odit', '2002-10-18', 193, '2024-10-09 06:21:22', '2024-10-09 06:21:22'),
(191, 25, 35, 'totam dolor labore', '1970-05-04', 24, '2024-10-09 06:21:22', '2024-10-09 06:21:22'),
(192, 95, 4, 'quaerat inventore amet', '1973-02-15', 47, '2024-10-09 06:21:22', '2024-10-09 06:21:22'),
(193, 53, 29, 'rerum facilis voluptatem', '1972-01-05', 155, '2024-10-09 06:21:22', '2024-10-09 06:21:22'),
(194, 44, 55, 'provident minus voluptas', '1996-06-07', 172, '2024-10-09 06:21:22', '2024-10-09 06:21:22'),
(195, 30, 20, 'qui at consequuntur', '1998-03-27', 117, '2024-10-09 06:21:22', '2024-10-09 06:21:22'),
(196, 29, 34, 'provident architecto cupiditate', '1992-07-06', 152, '2024-10-09 06:21:22', '2024-10-09 06:21:22'),
(197, 55, 61, 'aut nam natus', '1983-12-03', 164, '2024-10-09 06:21:22', '2024-10-09 06:21:22'),
(198, 44, 64, 'earum quibusdam nesciunt', '1982-02-20', 162, '2024-10-09 06:21:22', '2024-10-09 06:21:22'),
(199, 64, 76, 'sequi doloribus est', '1987-11-14', 22, '2024-10-09 06:21:23', '2024-10-09 06:21:23'),
(200, 22, 34, 'veritatis quidem omnis', '1992-10-10', 136, '2024-10-09 06:21:23', '2024-10-09 06:21:23'),
(201, 54, 38, 'et et quae', '1972-04-26', 196, '2024-10-09 06:21:23', '2024-10-09 06:21:23'),
(202, 10, 82, 'veritatis consequatur odit', '1991-04-28', 186, '2024-10-09 06:21:23', '2024-10-09 06:21:23'),
(203, 92, 53, 'exercitationem soluta dignissimos', '2003-09-11', 55, '2024-10-09 06:21:23', '2024-10-09 06:21:23'),
(204, 70, 34, 'voluptates enim illum', '1994-04-08', 144, '2024-10-09 06:21:23', '2024-10-09 06:21:23'),
(205, 60, 44, 'dolore eaque eius', '2022-12-25', 177, '2024-10-09 06:21:23', '2024-10-09 06:21:23'),
(206, 39, 56, 'sint ut nam', '2007-07-26', 160, '2024-10-09 06:21:23', '2024-10-09 06:21:23'),
(207, 41, 29, 'est itaque aspernatur', '2010-05-04', 90, '2024-10-09 06:21:23', '2024-10-09 06:21:23'),
(208, 57, 78, 'asperiores quaerat voluptatibus', '1994-03-10', 66, '2024-10-09 06:21:23', '2024-10-09 06:21:23'),
(209, 82, 29, 'at voluptas est', '1990-01-27', 43, '2024-10-09 06:21:23', '2024-10-09 06:21:23'),
(210, 70, 73, 'nemo natus quam', '1976-11-15', 120, '2024-10-09 06:21:23', '2024-10-09 06:21:23'),
(211, 55, 61, 'dignissimos tempore autem', '1992-08-07', 146, '2024-10-09 06:21:23', '2024-10-09 06:21:23'),
(212, 11, 29, 'laborum voluptas magnam', '2000-02-07', 165, '2024-10-09 06:21:23', '2024-10-09 06:21:23'),
(213, 40, 8, 'expedita vel accusantium', '2022-10-05', 12, '2024-10-09 06:21:23', '2024-10-09 06:21:23'),
(214, 18, 32, 'id aut atque', '1986-08-11', 28, '2024-10-09 06:21:23', '2024-10-09 06:21:23'),
(215, 49, 2, 'minus aliquam et', '2015-12-20', 130, '2024-10-09 06:21:23', '2024-10-09 06:21:23'),
(216, 100, 79, 'non et ipsa', '1985-11-15', 56, '2024-10-09 06:21:23', '2024-10-09 06:21:23'),
(217, 27, 25, 'molestiae maiores est', '1991-09-26', 10, '2024-10-09 06:21:23', '2024-10-09 06:21:23'),
(218, 100, 38, 'voluptate molestias aliquam', '1987-08-17', 160, '2024-10-09 06:21:23', '2024-10-09 06:21:23'),
(219, 59, 70, 'voluptatem aperiam et', '1980-04-30', 56, '2024-10-09 06:21:23', '2024-10-09 06:21:23'),
(220, 29, 18, 'in est omnis', '1984-05-14', 69, '2024-10-09 06:21:23', '2024-10-09 06:21:23'),
(221, 83, 44, 'eos temporibus et', '1983-08-10', 109, '2024-10-09 06:21:23', '2024-10-09 06:21:23'),
(222, 22, 13, 'eius a aut', '2017-03-06', 189, '2024-10-09 06:21:23', '2024-10-09 06:21:23'),
(223, 83, 73, 'vel et qui', '1980-11-09', 28, '2024-10-09 06:21:23', '2024-10-09 06:21:23'),
(224, 99, 81, 'officia doloribus unde', '1995-06-17', 105, '2024-10-09 06:21:23', '2024-10-09 06:21:23'),
(225, 88, 76, 'qui libero alias', '2014-05-27', 110, '2024-10-09 06:21:23', '2024-10-09 06:21:23'),
(226, 29, 87, 'ut quia maxime', '2020-09-17', 135, '2024-10-09 06:21:23', '2024-10-09 06:21:23'),
(227, 101, 53, 'eveniet sed maxime', '2015-05-19', 173, '2024-10-09 06:21:23', '2024-10-09 06:21:23'),
(228, 11, 46, 'qui natus repellat', '1990-10-03', 160, '2024-10-09 06:21:23', '2024-10-09 06:21:23'),
(229, 17, 4, 'voluptas dignissimos similique', '2003-12-19', 117, '2024-10-09 06:21:23', '2024-10-09 06:21:23'),
(230, 77, 15, 'voluptatem et reiciendis', '1999-06-02', 118, '2024-10-09 06:21:23', '2024-10-09 06:21:23'),
(231, 81, 28, 'minima unde voluptatem', '1972-04-07', 162, '2024-10-09 06:21:23', '2024-10-09 06:21:23'),
(232, 80, 84, 'veritatis aut omnis', '1986-06-22', 107, '2024-10-09 06:21:23', '2024-10-09 06:21:23'),
(233, 49, 3, 'eos occaecati facere', '2004-07-18', 10, '2024-10-09 06:21:23', '2024-10-09 06:21:23'),
(234, 69, 31, 'sit iure et', '2023-09-11', 153, '2024-10-09 06:21:23', '2024-10-09 06:21:23'),
(235, 37, 86, 'magnam veritatis accusantium', '2013-01-25', 57, '2024-10-09 06:21:23', '2024-10-09 06:21:23'),
(236, 99, 92, 'iste facere et', '2015-09-02', 130, '2024-10-09 06:21:23', '2024-10-09 06:21:23'),
(237, 13, 83, 'facere sit soluta', '2006-06-19', 20, '2024-10-09 06:21:23', '2024-10-09 06:21:23'),
(238, 93, 62, 'quibusdam eligendi voluptatem', '1992-04-24', 41, '2024-10-09 06:21:23', '2024-10-09 06:21:23'),
(239, 63, 9, 'natus omnis doloribus', '1975-06-05', 159, '2024-10-09 06:21:23', '2024-10-09 06:21:23'),
(240, 1, 101, 'consequatur dolore quae', '2010-09-11', 113, '2024-10-09 06:21:23', '2024-10-09 06:21:23'),
(241, 43, 75, 'quo doloribus consequatur', '1994-10-04', 124, '2024-10-09 06:21:23', '2024-10-09 06:21:23'),
(242, 70, 32, 'placeat ut quasi', '1987-10-18', 115, '2024-10-09 06:21:23', '2024-10-09 06:21:23'),
(243, 6, 73, 'iure est sint', '2005-11-08', 49, '2024-10-09 06:21:23', '2024-10-09 06:21:23'),
(244, 79, 28, 'molestiae quos quod', '1991-03-10', 70, '2024-10-09 06:21:23', '2024-10-09 06:21:23'),
(245, 86, 77, 'dolorem quas nihil', '2011-12-30', 167, '2024-10-09 06:21:23', '2024-10-09 06:21:23'),
(246, 88, 2, 'aut fuga impedit', '2010-10-14', 173, '2024-10-09 06:21:23', '2024-10-09 06:21:23'),
(247, 93, 64, 'vel iste illo', '2018-06-22', 135, '2024-10-09 06:21:23', '2024-10-09 06:21:23'),
(248, 22, 48, 'nisi neque cupiditate', '1977-04-30', 104, '2024-10-09 06:21:23', '2024-10-09 06:21:23'),
(249, 20, 34, 'numquam dolorum non', '1998-04-07', 83, '2024-10-09 06:21:23', '2024-10-09 06:21:23'),
(250, 70, 91, 'id rerum nostrum', '2012-03-21', 189, '2024-10-09 06:21:23', '2024-10-09 06:21:23'),
(251, 56, 13, 'magni harum et', '2009-05-24', 23, '2024-10-09 06:21:23', '2024-10-09 06:21:23'),
(252, 47, 23, 'fugiat a optio', '1986-03-15', 195, '2024-10-09 06:21:23', '2024-10-09 06:21:23'),
(253, 69, 80, 'molestias itaque sit', '1992-05-16', 78, '2024-10-09 06:21:23', '2024-10-09 06:21:23'),
(254, 82, 24, 'aspernatur autem quis', '2017-03-23', 67, '2024-10-09 06:21:23', '2024-10-09 06:21:23'),
(255, 40, 30, 'unde ullam minus', '2021-02-26', 173, '2024-10-09 06:21:23', '2024-10-09 06:21:23'),
(256, 99, 28, 'est corporis eos', '1979-03-10', 14, '2024-10-09 06:21:23', '2024-10-09 06:21:23'),
(257, 83, 7, 'vitae qui veritatis', '1971-03-10', 65, '2024-10-09 06:21:23', '2024-10-09 06:21:23'),
(258, 64, 69, 'sequi est pariatur', '2008-03-23', 119, '2024-10-09 06:21:23', '2024-10-09 06:21:23'),
(259, 24, 84, 'porro eos odio', '2015-05-01', 130, '2024-10-09 06:21:23', '2024-10-09 06:21:23'),
(260, 20, 101, 'tenetur qui voluptas', '1996-11-12', 32, '2024-10-09 06:21:23', '2024-10-09 06:21:23'),
(261, 50, 60, 'aut exercitationem autem', '2013-03-08', 134, '2024-10-09 06:21:23', '2024-10-09 06:21:23'),
(262, 42, 69, 'est aliquam sed', '1980-07-01', 175, '2024-10-09 06:21:23', '2024-10-09 06:21:23'),
(263, 69, 22, 'harum vel quidem', '1996-08-13', 134, '2024-10-09 06:21:23', '2024-10-09 06:21:23'),
(264, 41, 9, 'sunt et iste', '1981-06-23', 47, '2024-10-09 06:21:24', '2024-10-09 06:21:24'),
(265, 28, 73, 'soluta blanditiis maxime', '1984-02-21', 14, '2024-10-09 06:21:24', '2024-10-09 06:21:24'),
(266, 82, 94, 'adipisci reiciendis suscipit', '1975-09-13', 63, '2024-10-09 06:21:24', '2024-10-09 06:21:24'),
(267, 52, 42, 'autem sunt suscipit', '1991-12-13', 1, '2024-10-09 06:21:24', '2024-10-09 06:21:24'),
(268, 68, 85, 'rerum tenetur numquam', '1974-08-19', 46, '2024-10-09 06:21:24', '2024-10-09 06:21:24'),
(269, 94, 27, 'non vel itaque', '1990-03-17', 28, '2024-10-09 06:21:24', '2024-10-09 06:21:24'),
(270, 21, 91, 'dolore officiis soluta', '1993-11-24', 2, '2024-10-09 06:21:24', '2024-10-09 06:21:24'),
(271, 57, 50, 'illo et distinctio', '1981-05-07', 156, '2024-10-09 06:21:24', '2024-10-09 06:21:24'),
(272, 97, 39, 'fugit excepturi sint', '1990-12-23', 121, '2024-10-09 06:21:24', '2024-10-09 06:21:24'),
(273, 9, 38, 'at cupiditate qui', '1987-08-31', 31, '2024-10-09 06:21:24', '2024-10-09 06:21:24'),
(274, 27, 62, 'adipisci voluptatem totam', '2000-04-09', 56, '2024-10-09 06:21:24', '2024-10-09 06:21:24'),
(275, 62, 3, 'voluptas possimus qui', '1996-09-29', 198, '2024-10-09 06:21:24', '2024-10-09 06:21:24'),
(276, 82, 32, 'sed voluptatem quo', '2012-05-03', 185, '2024-10-09 06:21:24', '2024-10-09 06:21:24'),
(277, 24, 78, 'ad in harum', '2015-01-11', 4, '2024-10-09 06:21:24', '2024-10-09 06:21:24'),
(278, 86, 38, 'tenetur dicta ut', '1976-08-17', 39, '2024-10-09 06:21:24', '2024-10-09 06:21:24'),
(279, 50, 77, 'nobis et est', '1971-01-08', 81, '2024-10-09 06:21:24', '2024-10-09 06:21:24'),
(280, 76, 80, 'ut quasi ex', '1987-12-09', 68, '2024-10-09 06:21:24', '2024-10-09 06:21:24'),
(281, 85, 42, 'vel quia consequatur', '2000-12-13', 134, '2024-10-09 06:21:24', '2024-10-09 06:21:24'),
(282, 46, 85, 'cumque sed itaque', '2007-01-20', 43, '2024-10-09 06:21:24', '2024-10-09 06:21:24'),
(283, 74, 76, 'et excepturi illum', '1971-01-24', 88, '2024-10-09 06:21:24', '2024-10-09 06:21:24'),
(284, 20, 52, 'eligendi sit fugit', '2014-04-06', 42, '2024-10-09 06:21:24', '2024-10-09 06:21:24'),
(285, 93, 92, 'rerum animi voluptatibus', '2015-05-24', 93, '2024-10-09 06:21:24', '2024-10-09 06:21:24'),
(286, 40, 61, 'aut voluptatum ducimus', '2009-06-08', 119, '2024-10-09 06:21:24', '2024-10-09 06:21:24'),
(287, 25, 12, 'ad et et', '1980-05-09', 162, '2024-10-09 06:21:24', '2024-10-09 06:21:24'),
(288, 21, 73, 'iusto quidem laborum', '1975-08-20', 56, '2024-10-09 06:21:24', '2024-10-09 06:21:24'),
(289, 19, 2, 'veritatis quo asperiores', '1988-01-30', 172, '2024-10-09 06:21:24', '2024-10-09 06:21:24'),
(290, 12, 20, 'dolorum ut necessitatibus', '2001-01-19', 161, '2024-10-09 06:21:24', '2024-10-09 06:21:24'),
(291, 79, 74, 'ratione aut aliquid', '1980-03-10', 49, '2024-10-09 06:21:24', '2024-10-09 06:21:24'),
(292, 70, 92, 'placeat qui tenetur', '2013-04-16', 162, '2024-10-09 06:21:24', '2024-10-09 06:21:24'),
(293, 74, 73, 'quis culpa repellat', '1974-04-18', 153, '2024-10-09 06:21:24', '2024-10-09 06:21:24'),
(294, 69, 8, 'officiis et impedit', '2006-12-29', 160, '2024-10-09 06:21:24', '2024-10-09 06:21:24'),
(295, 92, 60, 'voluptatem praesentium voluptates', '2022-01-06', 97, '2024-10-09 06:21:24', '2024-10-09 06:21:24'),
(296, 101, 40, 'amet quo dolores', '1976-08-26', 75, '2024-10-09 06:21:24', '2024-10-09 06:21:24'),
(297, 99, 97, 'autem quasi molestiae', '1975-11-20', 39, '2024-10-09 06:21:24', '2024-10-09 06:21:24'),
(298, 86, 10, 'minima molestiae qui', '1974-04-05', 105, '2024-10-09 06:21:24', '2024-10-09 06:21:24'),
(299, 7, 84, 'veritatis iure molestiae', '1981-02-12', 9, '2024-10-09 06:21:24', '2024-10-09 06:21:24'),
(300, 86, 54, 'impedit exercitationem ipsum', '2010-09-24', 30, '2024-10-09 06:21:24', '2024-10-09 06:21:24'),
(301, 100, 85, 'ut maxime maiores', '1972-10-13', 40, '2024-10-09 06:21:24', '2024-10-09 06:21:24'),
(302, 30, 10, 'id omnis et', '1987-11-04', 37, '2024-10-09 06:21:24', '2024-10-09 06:21:24'),
(303, 53, 10, 'ab vero quia', '1992-09-01', 105, '2024-10-09 06:21:24', '2024-10-09 06:21:24'),
(304, 91, 40, 'natus eveniet ab', '1999-08-31', 128, '2024-10-09 06:21:24', '2024-10-09 06:21:24'),
(305, 64, 14, 'sed quibusdam autem', '2006-10-18', 122, '2024-10-09 06:21:24', '2024-10-09 06:21:24'),
(306, 46, 67, 'minus quia et', '1997-04-29', 72, '2024-10-09 06:21:24', '2024-10-09 06:21:24'),
(307, 7, 92, 'quia incidunt voluptate', '1971-02-25', 156, '2024-10-09 06:21:24', '2024-10-09 06:21:24'),
(308, 25, 74, 'illo non numquam', '1985-03-01', 4, '2024-10-09 06:21:24', '2024-10-09 06:21:24'),
(309, 39, 43, 'eaque reiciendis dicta', '1972-04-06', 169, '2024-10-09 06:21:24', '2024-10-09 06:21:24'),
(310, 36, 31, 'perferendis explicabo similique', '1984-08-21', 118, '2024-10-09 06:21:24', '2024-10-09 06:21:24'),
(311, 90, 65, 'soluta sed a', '1983-01-21', 151, '2024-10-09 06:21:24', '2024-10-09 06:21:24'),
(312, 70, 96, 'pariatur quis ratione', '1981-08-08', 62, '2024-10-09 06:21:24', '2024-10-09 06:21:24'),
(313, 29, 42, 'officia impedit ducimus', '2015-06-26', 155, '2024-10-09 06:21:24', '2024-10-09 06:21:24'),
(314, 59, 4, 'explicabo est accusantium', '1975-09-19', 143, '2024-10-09 06:21:24', '2024-10-09 06:21:24'),
(315, 91, 67, 'sit quo cumque', '1978-12-11', 123, '2024-10-09 06:21:24', '2024-10-09 06:21:24'),
(316, 71, 68, 'voluptas autem possimus', '1994-05-04', 191, '2024-10-09 06:21:24', '2024-10-09 06:21:24'),
(317, 46, 40, 'est dolore et', '1996-02-16', 197, '2024-10-09 06:21:24', '2024-10-09 06:21:24'),
(318, 71, 13, 'molestiae vel maxime', '2023-03-18', 63, '2024-10-09 06:21:24', '2024-10-09 06:21:24'),
(319, 55, 95, 'molestiae error placeat', '1977-06-04', 181, '2024-10-09 06:21:24', '2024-10-09 06:21:24'),
(320, 80, 47, 'ipsa dignissimos est', '2019-07-13', 56, '2024-10-09 06:21:24', '2024-10-09 06:21:24'),
(321, 53, 66, 'dolorem architecto repudiandae', '1984-05-11', 48, '2024-10-09 06:21:24', '2024-10-09 06:21:24'),
(322, 18, 91, 'omnis provident qui', '2008-02-25', 3, '2024-10-09 06:21:24', '2024-10-09 06:21:24'),
(323, 86, 9, 'fugiat pariatur quasi', '2000-05-06', 60, '2024-10-09 06:21:24', '2024-10-09 06:21:24'),
(324, 69, 72, 'qui omnis quisquam', '1992-07-13', 32, '2024-10-09 06:21:24', '2024-10-09 06:21:24'),
(325, 62, 51, 'nesciunt iure nisi', '2019-09-29', 58, '2024-10-09 06:21:24', '2024-10-09 06:21:24'),
(326, 100, 95, 'numquam sunt et', '2016-01-19', 30, '2024-10-09 06:21:24', '2024-10-09 06:21:24'),
(327, 61, 23, 'minus et adipisci', '2017-04-03', 104, '2024-10-09 06:21:24', '2024-10-09 06:21:24'),
(328, 60, 79, 'facere nemo dolorem', '1976-01-22', 48, '2024-10-09 06:21:24', '2024-10-09 06:21:24'),
(329, 80, 24, 'quia optio quae', '2021-09-07', 82, '2024-10-09 06:21:24', '2024-10-09 06:21:24'),
(330, 42, 51, 'beatae rem iusto', '1982-10-18', 97, '2024-10-09 06:21:24', '2024-10-09 06:21:24'),
(331, 59, 97, 'voluptas est non', '1981-08-29', 107, '2024-10-09 06:21:25', '2024-10-09 06:21:25'),
(332, 94, 98, 'et id omnis', '2001-05-12', 170, '2024-10-09 06:21:25', '2024-10-09 06:21:25'),
(333, 93, 92, 'distinctio voluptatibus unde', '1976-12-26', 160, '2024-10-09 06:21:25', '2024-10-09 06:21:25'),
(334, 84, 37, 'quia et soluta', '1974-02-17', 122, '2024-10-09 06:21:25', '2024-10-09 06:21:25'),
(335, 29, 51, 'expedita vel quasi', '1979-10-16', 169, '2024-10-09 06:21:25', '2024-10-09 06:21:25'),
(336, 11, 55, 'maiores optio qui', '2003-01-17', 26, '2024-10-09 06:21:25', '2024-10-09 06:21:25'),
(337, 5, 71, 'voluptas sapiente quis', '2014-04-23', 48, '2024-10-09 06:21:25', '2024-10-09 06:21:25'),
(338, 82, 91, 'non sint et', '2002-05-05', 19, '2024-10-09 06:21:25', '2024-10-09 06:21:25'),
(339, 14, 9, 'earum optio culpa', '2006-06-16', 118, '2024-10-09 06:21:25', '2024-10-09 06:21:25'),
(340, 77, 96, 'in autem et', '1983-02-24', 187, '2024-10-09 06:21:25', '2024-10-09 06:21:25'),
(341, 31, 30, 'repellat et eos', '2008-03-13', 107, '2024-10-09 06:21:25', '2024-10-09 06:21:25'),
(342, 74, 86, 'voluptates temporibus neque', '1986-03-17', 51, '2024-10-09 06:21:25', '2024-10-09 06:21:25'),
(343, 50, 11, 'dolor excepturi optio', '2020-10-17', 85, '2024-10-09 06:21:25', '2024-10-09 06:21:25'),
(344, 33, 83, 'accusantium nostrum eos', '2000-10-06', 129, '2024-10-09 06:21:25', '2024-10-09 06:21:25'),
(345, 92, 46, 'ut commodi molestiae', '1970-06-24', 64, '2024-10-09 06:21:25', '2024-10-09 06:21:25'),
(346, 47, 98, 'et aliquid optio', '1998-03-23', 46, '2024-10-09 06:21:25', '2024-10-09 06:21:25'),
(347, 101, 18, 'in fugit error', '1972-02-25', 2, '2024-10-09 06:21:25', '2024-10-09 06:21:25'),
(348, 11, 26, 'enim provident eum', '1983-12-04', 140, '2024-10-09 06:21:25', '2024-10-09 06:21:25'),
(349, 82, 92, 'et dicta eveniet', '2014-03-28', 175, '2024-10-09 06:21:25', '2024-10-09 06:21:25'),
(350, 3, 93, 'reiciendis et porro', '1978-03-16', 114, '2024-10-09 06:21:25', '2024-10-09 06:21:25'),
(351, 47, 1, 'molestiae repellat excepturi', '1986-07-12', 36, '2024-10-09 06:21:25', '2024-10-09 06:21:25'),
(352, 6, 34, 'natus ratione delectus', '1982-06-30', 64, '2024-10-09 06:21:25', '2024-10-09 06:21:25'),
(353, 37, 13, 'voluptatibus modi sint', '1974-01-16', 98, '2024-10-09 06:21:25', '2024-10-09 06:21:25'),
(354, 94, 11, 'qui tempore expedita', '2015-10-05', 39, '2024-10-09 06:21:25', '2024-10-09 06:21:25'),
(355, 76, 18, 'pariatur ipsum similique', '2009-01-22', 89, '2024-10-09 06:21:25', '2024-10-09 06:21:25'),
(356, 76, 61, 'qui magnam doloribus', '1981-09-11', 165, '2024-10-09 06:21:25', '2024-10-09 06:21:25'),
(357, 9, 84, 'vel culpa quis', '2011-01-22', 185, '2024-10-09 06:21:25', '2024-10-09 06:21:25'),
(358, 44, 18, 'omnis dolores eum', '1978-11-22', 58, '2024-10-09 06:21:25', '2024-10-09 06:21:25'),
(359, 38, 36, 'et magnam architecto', '1995-08-12', 68, '2024-10-09 06:21:25', '2024-10-09 06:21:25'),
(360, 76, 10, 'hic vitae voluptatem', '1997-02-25', 100, '2024-10-09 06:21:25', '2024-10-09 06:21:25'),
(361, 38, 48, 'voluptatum numquam accusamus', '1992-04-05', 136, '2024-10-09 06:21:25', '2024-10-09 06:21:25'),
(362, 2, 101, 'placeat sit nostrum', '1997-05-03', 87, '2024-10-09 06:21:25', '2024-10-09 06:21:25'),
(363, 49, 24, 'sit repudiandae iusto', '2019-05-16', 147, '2024-10-09 06:21:25', '2024-10-09 06:21:25'),
(364, 9, 61, 'repellendus consectetur omnis', '2012-09-17', 119, '2024-10-09 06:21:25', '2024-10-09 06:21:25'),
(365, 98, 92, 'fugiat maxime nisi', '2004-09-28', 146, '2024-10-09 06:21:25', '2024-10-09 06:21:25'),
(366, 59, 73, 'asperiores voluptatibus accusantium', '2004-03-23', 23, '2024-10-09 06:21:25', '2024-10-09 06:21:25'),
(367, 9, 52, 'aut maiores delectus', '2020-08-16', 111, '2024-10-09 06:21:25', '2024-10-09 06:21:25'),
(368, 73, 96, 'amet unde recusandae', '2010-12-10', 191, '2024-10-09 06:21:25', '2024-10-09 06:21:25'),
(369, 43, 28, 'non et facilis', '2024-08-12', 98, '2024-10-09 06:21:25', '2024-10-09 06:21:25'),
(370, 17, 56, 'et facilis pariatur', '2003-04-08', 78, '2024-10-09 06:21:25', '2024-10-09 06:21:25'),
(371, 2, 22, 'praesentium rerum libero', '1976-12-30', 188, '2024-10-09 06:21:25', '2024-10-09 06:21:25'),
(372, 27, 48, 'ab eveniet sit', '1980-09-04', 75, '2024-10-09 06:21:25', '2024-10-09 06:21:25'),
(373, 87, 54, 'voluptate velit necessitatibus', '1974-08-18', 115, '2024-10-09 06:21:25', '2024-10-09 06:21:25'),
(374, 16, 57, 'praesentium id cum', '1973-08-21', 114, '2024-10-09 06:21:25', '2024-10-09 06:21:25'),
(375, 35, 64, 'harum nemo quia', '1988-03-11', 3, '2024-10-09 06:21:25', '2024-10-09 06:21:25'),
(376, 33, 97, 'adipisci est nemo', '1993-04-08', 1, '2024-10-09 06:21:25', '2024-10-09 06:21:25'),
(377, 69, 77, 'ut blanditiis saepe', '2014-01-08', 177, '2024-10-09 06:21:25', '2024-10-09 06:21:25'),
(378, 70, 69, 'beatae id reiciendis', '2007-02-25', 160, '2024-10-09 06:21:25', '2024-10-09 06:21:25'),
(379, 17, 92, 'reiciendis eaque consequatur', '2004-03-24', 89, '2024-10-09 06:21:25', '2024-10-09 06:21:25'),
(380, 29, 42, 'corporis provident qui', '1973-07-11', 155, '2024-10-09 06:21:25', '2024-10-09 06:21:25'),
(381, 2, 20, 'atque quod est', '1976-01-21', 142, '2024-10-09 06:21:25', '2024-10-09 06:21:25'),
(382, 1, 7, 'eius accusantium consequatur', '2009-03-06', 170, '2024-10-09 06:21:25', '2024-10-09 06:21:25'),
(383, 22, 31, 'dolore eius sed', '1984-08-15', 144, '2024-10-09 06:21:25', '2024-10-09 06:21:25'),
(384, 64, 50, 'voluptas dolor autem', '1985-04-27', 170, '2024-10-09 06:21:25', '2024-10-09 06:21:25'),
(385, 10, 2, 'qui est recusandae', '1972-11-01', 105, '2024-10-09 06:21:25', '2024-10-09 06:21:25'),
(386, 97, 70, 'unde aut voluptates', '1988-03-26', 131, '2024-10-09 06:21:25', '2024-10-09 06:21:25'),
(387, 21, 59, 'aut quia quas', '2004-01-17', 198, '2024-10-09 06:21:25', '2024-10-09 06:21:25'),
(388, 100, 91, 'numquam fuga accusantium', '1992-10-16', 196, '2024-10-09 06:21:25', '2024-10-09 06:21:25'),
(389, 65, 97, 'voluptate laboriosam sint', '2000-04-07', 196, '2024-10-09 06:21:25', '2024-10-09 06:21:25'),
(390, 90, 42, 'aut nulla ab', '2019-11-04', 132, '2024-10-09 06:21:25', '2024-10-09 06:21:25'),
(391, 63, 100, 'non quia dolorem', '1976-11-20', 72, '2024-10-09 06:21:26', '2024-10-09 06:21:26'),
(392, 79, 1, 'temporibus sit nesciunt', '1985-12-05', 27, '2024-10-09 06:21:26', '2024-10-09 06:21:26'),
(393, 62, 97, 'animi rerum fuga', '1994-07-22', 78, '2024-10-09 06:21:26', '2024-10-09 06:21:26'),
(394, 69, 13, 'occaecati asperiores voluptas', '2015-08-27', 156, '2024-10-09 06:21:26', '2024-10-09 06:21:26'),
(395, 7, 13, 'quo earum necessitatibus', '2014-01-02', 141, '2024-10-09 06:21:26', '2024-10-09 06:21:26'),
(396, 26, 96, 'occaecati qui magni', '2001-08-11', 103, '2024-10-09 06:21:26', '2024-10-09 06:21:26'),
(397, 4, 76, 'ut illo quos', '2021-02-24', 83, '2024-10-09 06:21:26', '2024-10-09 06:21:26'),
(398, 53, 27, 'rem corrupti debitis', '2010-10-08', 123, '2024-10-09 06:21:26', '2024-10-09 06:21:26'),
(399, 8, 63, 'qui hic eum', '1972-05-28', 93, '2024-10-09 06:21:26', '2024-10-09 06:21:26'),
(400, 85, 88, 'maiores deleniti qui', '1972-07-15', 5, '2024-10-09 06:21:26', '2024-10-09 06:21:26'),
(401, 68, 69, 'optio sint ut', '2016-02-05', 59, '2024-10-09 06:21:26', '2024-10-09 06:21:26'),
(402, 32, 80, 'dolor quam adipisci', '1973-05-19', 165, '2024-10-09 06:21:26', '2024-10-09 06:21:26'),
(403, 15, 5, 'similique et et', '1979-06-17', 195, '2024-10-09 06:21:26', '2024-10-09 06:21:26'),
(404, 39, 39, 'ratione et perspiciatis', '2024-09-28', 41, '2024-10-09 06:21:26', '2024-10-09 06:21:26'),
(405, 97, 65, 'nulla qui sit', '2007-06-24', 97, '2024-10-09 06:21:26', '2024-10-09 06:21:26'),
(406, 37, 64, 'sint et maxime', '2019-07-02', 124, '2024-10-09 06:21:26', '2024-10-09 06:21:26'),
(407, 96, 40, 'id velit alias', '2005-10-19', 35, '2024-10-09 06:21:26', '2024-10-09 06:21:26'),
(408, 84, 86, 'quam corporis ut', '1982-12-25', 126, '2024-10-09 06:21:26', '2024-10-09 06:21:26'),
(409, 73, 18, 'praesentium officia sequi', '1999-11-15', 110, '2024-10-09 06:21:26', '2024-10-09 06:21:26'),
(410, 69, 57, 'et qui sed', '1978-02-10', 35, '2024-10-09 06:21:26', '2024-10-09 06:21:26'),
(411, 18, 15, 'ut nesciunt ipsam', '2009-04-15', 44, '2024-10-09 06:21:26', '2024-10-09 06:21:26'),
(412, 72, 87, 'ea sint ab', '1999-04-06', 75, '2024-10-09 06:21:26', '2024-10-09 06:21:26'),
(413, 49, 14, 'ut ab occaecati', '2009-08-01', 12, '2024-10-09 06:21:26', '2024-10-09 06:21:26'),
(414, 61, 44, 'molestiae consectetur blanditiis', '1970-03-26', 72, '2024-10-09 06:21:26', '2024-10-09 06:21:26'),
(415, 61, 45, 'laborum dolores est', '1983-08-20', 24, '2024-10-09 06:21:26', '2024-10-09 06:21:26'),
(416, 71, 80, 'sint quam quia', '2021-10-21', 76, '2024-10-09 06:21:26', '2024-10-09 06:21:26'),
(417, 76, 53, 'at dignissimos voluptatem', '1976-08-24', 27, '2024-10-09 06:21:26', '2024-10-09 06:21:26'),
(418, 80, 33, 'saepe provident delectus', '1971-12-13', 92, '2024-10-09 06:21:26', '2024-10-09 06:21:26'),
(419, 88, 61, 'nostrum est rerum', '1976-11-27', 6, '2024-10-09 06:21:26', '2024-10-09 06:21:26'),
(420, 40, 23, 'voluptate facilis voluptatem', '1979-11-14', 138, '2024-10-09 06:21:26', '2024-10-09 06:21:26'),
(421, 79, 83, 'facere eveniet doloremque', '2023-08-28', 68, '2024-10-09 06:21:26', '2024-10-09 06:21:26'),
(422, 29, 74, 'repellendus dolor et', '2012-11-09', 83, '2024-10-09 06:21:26', '2024-10-09 06:21:26'),
(423, 75, 85, 'perspiciatis cum est', '1997-05-10', 83, '2024-10-09 06:21:26', '2024-10-09 06:21:26'),
(424, 36, 39, 'fugit impedit vero', '2008-11-03', 122, '2024-10-09 06:21:26', '2024-10-09 06:21:26'),
(425, 38, 35, 'adipisci vero quos', '1987-03-08', 14, '2024-10-09 06:21:26', '2024-10-09 06:21:26'),
(426, 39, 9, 'debitis eum vero', '1985-07-05', 108, '2024-10-09 06:21:26', '2024-10-09 06:21:26'),
(427, 23, 20, 'earum assumenda dolores', '1973-10-14', 8, '2024-10-09 06:21:26', '2024-10-09 06:21:26'),
(428, 17, 7, 'asperiores placeat dicta', '2000-12-27', 153, '2024-10-09 06:21:26', '2024-10-09 06:21:26'),
(429, 28, 79, 'voluptatem id officiis', '2009-11-16', 93, '2024-10-09 06:21:26', '2024-10-09 06:21:26'),
(430, 92, 63, 'placeat expedita enim', '1975-09-29', 72, '2024-10-09 06:21:26', '2024-10-09 06:21:26'),
(431, 97, 1, 'delectus dolorem quia', '1999-01-18', 73, '2024-10-09 06:21:26', '2024-10-09 06:21:26'),
(432, 55, 94, 'vitae ducimus eos', '1981-05-25', 101, '2024-10-09 06:21:26', '2024-10-09 06:21:26'),
(433, 83, 57, 'culpa rerum beatae', '2023-07-28', 112, '2024-10-09 06:21:26', '2024-10-09 06:21:26'),
(434, 44, 48, 'beatae omnis rerum', '2016-03-17', 164, '2024-10-09 06:21:26', '2024-10-09 06:21:26'),
(435, 94, 25, 'ad sunt accusantium', '1994-05-09', 61, '2024-10-09 06:21:26', '2024-10-09 06:21:26'),
(436, 4, 78, 'quia recusandae dicta', '1971-03-04', 169, '2024-10-09 06:21:26', '2024-10-09 06:21:26'),
(437, 17, 98, 'et aliquam accusamus', '1984-07-09', 148, '2024-10-09 06:21:26', '2024-10-09 06:21:26'),
(438, 83, 12, 'delectus autem minus', '1998-06-28', 5, '2024-10-09 06:21:26', '2024-10-09 06:21:26'),
(439, 47, 52, 'nam magni excepturi', '1971-08-07', 169, '2024-10-09 06:21:26', '2024-10-09 06:21:26'),
(440, 93, 100, 'reprehenderit rerum enim', '1992-07-05', 38, '2024-10-09 06:21:26', '2024-10-09 06:21:26'),
(441, 21, 63, 'libero quis repellendus', '1997-07-21', 55, '2024-10-09 06:21:26', '2024-10-09 06:21:26'),
(442, 73, 44, 'quos voluptatum nulla', '2004-11-12', 169, '2024-10-09 06:21:26', '2024-10-09 06:21:26'),
(443, 3, 75, 'nisi id qui', '2001-01-31', 109, '2024-10-09 06:21:26', '2024-10-09 06:21:26'),
(444, 67, 31, 'optio sint placeat', '1972-08-27', 114, '2024-10-09 06:21:26', '2024-10-09 06:21:26'),
(445, 65, 15, 'voluptas aspernatur iste', '2023-02-20', 144, '2024-10-09 06:21:26', '2024-10-09 06:21:26'),
(446, 63, 92, 'numquam recusandae asperiores', '1994-02-09', 141, '2024-10-09 06:21:26', '2024-10-09 06:21:26'),
(447, 32, 58, 'atque tenetur ducimus', '2017-07-30', 178, '2024-10-09 06:21:26', '2024-10-09 06:21:26'),
(448, 84, 69, 'eligendi facere aliquam', '2020-02-21', 190, '2024-10-09 06:21:26', '2024-10-09 06:21:26'),
(449, 59, 17, 'est nulla impedit', '2005-04-14', 180, '2024-10-09 06:21:26', '2024-10-09 06:21:26'),
(450, 95, 96, 'vitae atque quidem', '1974-12-25', 174, '2024-10-09 06:21:26', '2024-10-09 06:21:26'),
(451, 86, 92, 'sit nulla occaecati', '2009-07-10', 52, '2024-10-09 06:21:26', '2024-10-09 06:21:26'),
(452, 66, 20, 'quia architecto aut', '2008-10-17', 178, '2024-10-09 06:21:26', '2024-10-09 06:21:26'),
(453, 49, 26, 'quis ea cum', '1997-11-03', 191, '2024-10-09 06:21:26', '2024-10-09 06:21:26'),
(454, 22, 85, 'consequatur eligendi eius', '1994-07-23', 51, '2024-10-09 06:21:26', '2024-10-09 06:21:26'),
(455, 97, 25, 'consectetur enim et', '1980-09-08', 174, '2024-10-09 06:21:26', '2024-10-09 06:21:26'),
(456, 36, 62, 'aut natus ea', '1973-02-09', 10, '2024-10-09 06:21:26', '2024-10-09 06:21:26'),
(457, 40, 4, 'nostrum est sint', '1989-12-01', 77, '2024-10-09 06:21:26', '2024-10-09 06:21:26'),
(458, 69, 42, 'molestias ut et', '2008-04-04', 83, '2024-10-09 06:21:27', '2024-10-09 06:21:27'),
(459, 79, 14, 'dolores sint et', '1986-08-12', 157, '2024-10-09 06:21:27', '2024-10-09 06:21:27'),
(460, 55, 65, 'et consectetur beatae', '1997-01-09', 180, '2024-10-09 06:21:27', '2024-10-09 06:21:27'),
(461, 8, 62, 'soluta beatae voluptatem', '1994-07-13', 79, '2024-10-09 06:21:27', '2024-10-09 06:21:27'),
(462, 42, 100, 'est aut ipsa', '2015-11-21', 199, '2024-10-09 06:21:27', '2024-10-09 06:21:27'),
(463, 46, 81, 'aut at aut', '1986-10-16', 141, '2024-10-09 06:21:27', '2024-10-09 06:21:27'),
(464, 69, 42, 'ut qui qui', '1987-01-04', 72, '2024-10-09 06:21:27', '2024-10-09 06:21:27'),
(465, 74, 99, 'adipisci suscipit odio', '2024-04-13', 179, '2024-10-09 06:21:27', '2024-10-09 06:21:27'),
(466, 55, 68, 'dolor corrupti sunt', '1980-08-11', 63, '2024-10-09 06:21:27', '2024-10-09 06:21:27'),
(467, 1, 9, 'voluptatibus incidunt et', '1980-09-22', 131, '2024-10-09 06:21:27', '2024-10-09 06:21:27'),
(468, 76, 2, 'sunt est accusantium', '2020-09-18', 12, '2024-10-09 06:21:27', '2024-10-09 06:21:27'),
(469, 74, 82, 'quam necessitatibus corporis', '1982-04-03', 64, '2024-10-09 06:21:27', '2024-10-09 06:21:27'),
(470, 96, 78, 'nam est molestiae', '1972-11-13', 84, '2024-10-09 06:21:27', '2024-10-09 06:21:27'),
(471, 56, 32, 'placeat illo earum', '1990-11-27', 12, '2024-10-09 06:21:27', '2024-10-09 06:21:27'),
(472, 98, 4, 'suscipit alias alias', '1983-07-19', 176, '2024-10-09 06:21:27', '2024-10-09 06:21:27'),
(473, 81, 11, 'est inventore modi', '1989-10-16', 17, '2024-10-09 06:21:27', '2024-10-09 06:21:27'),
(474, 34, 13, 'officiis laboriosam sed', '2020-10-30', 177, '2024-10-09 06:21:27', '2024-10-09 06:21:27'),
(475, 77, 67, 'consequatur voluptatibus illum', '2023-10-26', 104, '2024-10-09 06:21:27', '2024-10-09 06:21:27'),
(476, 47, 5, 'consequatur fugiat assumenda', '1991-06-23', 79, '2024-10-09 06:21:27', '2024-10-09 06:21:27'),
(477, 67, 18, 'incidunt assumenda minus', '1982-04-15', 155, '2024-10-09 06:21:27', '2024-10-09 06:21:27'),
(478, 27, 58, 'et culpa pariatur', '1975-09-11', 98, '2024-10-09 06:21:27', '2024-10-09 06:21:27'),
(479, 61, 89, 'repudiandae numquam dolorem', '2020-01-09', 88, '2024-10-09 06:21:27', '2024-10-09 06:21:27'),
(480, 64, 66, 'hic alias voluptatibus', '2014-08-05', 186, '2024-10-09 06:21:27', '2024-10-09 06:21:27'),
(481, 78, 49, 'quia non et', '1977-10-05', 13, '2024-10-09 06:21:27', '2024-10-09 06:21:27'),
(482, 77, 51, 'optio est molestiae', '1990-01-04', 96, '2024-10-09 06:21:27', '2024-10-09 06:21:27'),
(483, 41, 79, 'labore dolorem et', '1990-08-18', 51, '2024-10-09 06:21:27', '2024-10-09 06:21:27'),
(484, 61, 76, 'earum architecto ducimus', '1973-09-24', 187, '2024-10-09 06:21:27', '2024-10-09 06:21:27'),
(485, 67, 40, 'dicta doloribus odio', '1993-09-10', 186, '2024-10-09 06:21:27', '2024-10-09 06:21:27'),
(486, 33, 82, 'totam occaecati eum', '2021-12-10', 70, '2024-10-09 06:21:27', '2024-10-09 06:21:27'),
(487, 57, 65, 'hic fuga animi', '1981-09-22', 100, '2024-10-09 06:21:27', '2024-10-09 06:21:27'),
(488, 46, 91, 'quia eos excepturi', '2008-10-27', 89, '2024-10-09 06:21:27', '2024-10-09 06:21:27'),
(489, 50, 4, 'debitis tempore temporibus', '2013-03-05', 133, '2024-10-09 06:21:27', '2024-10-09 06:21:27'),
(490, 57, 57, 'aliquam sit aliquam', '1989-03-31', 61, '2024-10-09 06:21:27', '2024-10-09 06:21:27'),
(491, 36, 12, 'occaecati blanditiis quasi', '2017-02-23', 161, '2024-10-09 06:21:27', '2024-10-09 06:21:27'),
(492, 26, 4, 'natus omnis non', '1999-02-17', 107, '2024-10-09 06:21:27', '2024-10-09 06:21:27'),
(493, 83, 8, 'eum in vero', '2023-05-30', 184, '2024-10-09 06:21:27', '2024-10-09 06:21:27'),
(494, 46, 92, 'fuga rerum qui', '1991-05-07', 168, '2024-10-09 06:21:27', '2024-10-09 06:21:27'),
(495, 49, 80, 'laboriosam nesciunt placeat', '1977-06-26', 73, '2024-10-09 06:21:27', '2024-10-09 06:21:27'),
(496, 86, 41, 'quis et asperiores', '1973-04-18', 38, '2024-10-09 06:21:27', '2024-10-09 06:21:27'),
(497, 98, 22, 'eum et illo', '1996-02-06', 130, '2024-10-09 06:21:27', '2024-10-09 06:21:27'),
(498, 52, 34, 'totam reprehenderit ex', '2005-10-30', 23, '2024-10-09 06:21:27', '2024-10-09 06:21:27'),
(499, 13, 79, 'fuga labore repudiandae', '1970-03-02', 100, '2024-10-09 06:21:27', '2024-10-09 06:21:27');
INSERT INTO `timesheets` (`id`, `project_id`, `user_id`, `name`, `date`, `hours`, `created_at`, `updated_at`) VALUES
(500, 54, 73, 'fugit eaque ipsum', '1973-05-26', 73, '2024-10-09 06:21:27', '2024-10-09 06:21:27'),
(501, 78, 39, 'fuga id provident', '2012-08-26', 40, '2024-10-09 06:21:27', '2024-10-09 06:21:27'),
(502, 15, 56, 'quia odit iusto', '1978-02-21', 66, '2024-10-09 06:21:27', '2024-10-09 06:21:27'),
(503, 11, 57, 'ab blanditiis est', '2015-07-09', 139, '2024-10-09 06:21:27', '2024-10-09 06:21:27'),
(504, 18, 13, 'vitae aut aut', '1973-02-14', 171, '2024-10-09 06:21:27', '2024-10-09 06:21:27'),
(505, 51, 12, 'dolorem et similique', '2022-07-10', 162, '2024-10-09 06:21:27', '2024-10-09 06:21:27'),
(506, 27, 6, 'dolor modi harum', '2004-12-27', 189, '2024-10-09 06:21:27', '2024-10-09 06:21:27'),
(507, 67, 55, 'atque culpa culpa', '1991-05-18', 82, '2024-10-09 06:21:27', '2024-10-09 06:21:27'),
(508, 41, 1, 'natus doloremque culpa', '2003-10-15', 141, '2024-10-09 06:21:27', '2024-10-09 06:21:27'),
(509, 77, 62, 'ducimus eius quos', '2020-07-01', 49, '2024-10-09 06:21:28', '2024-10-09 06:21:28'),
(510, 32, 63, 'dolorem aut tenetur', '2014-10-18', 4, '2024-10-09 06:21:28', '2024-10-09 06:21:28'),
(511, 85, 10, 'error omnis nobis', '2024-09-01', 29, '2024-10-09 06:21:28', '2024-10-09 06:21:28'),
(512, 4, 95, 'blanditiis assumenda aperiam', '2011-02-27', 166, '2024-10-09 06:21:28', '2024-10-09 06:21:28'),
(513, 40, 95, 'consequatur molestias dignissimos', '1993-01-24', 39, '2024-10-09 06:21:28', '2024-10-09 06:21:28'),
(514, 37, 86, 'nemo consequatur quia', '1979-03-21', 148, '2024-10-09 06:21:28', '2024-10-09 06:21:28'),
(515, 66, 51, 'veritatis quo voluptas', '1989-07-08', 44, '2024-10-09 06:21:28', '2024-10-09 06:21:28'),
(516, 63, 40, 'aspernatur doloremque adipisci', '2019-03-16', 164, '2024-10-09 06:21:28', '2024-10-09 06:21:28'),
(517, 87, 50, 'recusandae quis alias', '1974-01-19', 92, '2024-10-09 06:21:28', '2024-10-09 06:21:28'),
(518, 37, 8, 'impedit consectetur earum', '2007-07-03', 107, '2024-10-09 06:21:28', '2024-10-09 06:21:28'),
(519, 93, 89, 'aut totam nemo', '2009-10-16', 1, '2024-10-09 06:21:28', '2024-10-09 06:21:28'),
(520, 10, 44, 'dolor libero possimus', '2019-11-28', 40, '2024-10-09 06:21:28', '2024-10-09 06:21:28'),
(521, 94, 74, 'non maxime eaque', '2013-04-30', 119, '2024-10-09 06:21:28', '2024-10-09 06:21:28'),
(522, 18, 67, 'libero enim qui', '2022-03-13', 85, '2024-10-09 06:21:28', '2024-10-09 06:21:28'),
(523, 88, 90, 'officia at quas', '2001-04-03', 22, '2024-10-09 06:21:28', '2024-10-09 06:21:28'),
(524, 28, 28, 'ut et perferendis', '1973-02-20', 172, '2024-10-09 06:21:28', '2024-10-09 06:21:28'),
(525, 81, 54, 'tempora mollitia fuga', '1981-01-28', 52, '2024-10-09 06:21:28', '2024-10-09 06:21:28'),
(526, 45, 3, 'amet consequatur odio', '1993-08-20', 186, '2024-10-09 06:21:28', '2024-10-09 06:21:28'),
(527, 9, 5, 'velit non eius', '1979-08-31', 33, '2024-10-09 06:21:28', '2024-10-09 06:21:28'),
(528, 57, 24, 'dolor voluptatem iure', '1977-02-14', 143, '2024-10-09 06:21:28', '2024-10-09 06:21:28'),
(529, 101, 24, 'sed voluptatem perferendis', '1970-11-16', 9, '2024-10-09 06:21:28', '2024-10-09 06:21:28'),
(530, 27, 68, 'est laudantium accusantium', '1975-03-11', 42, '2024-10-09 06:21:28', '2024-10-09 06:21:28'),
(531, 91, 53, 'repudiandae error eligendi', '1971-03-04', 199, '2024-10-09 06:21:28', '2024-10-09 06:21:28'),
(532, 70, 49, 'architecto laborum assumenda', '1996-05-03', 4, '2024-10-09 06:21:28', '2024-10-09 06:21:28'),
(533, 47, 53, 'non ratione blanditiis', '1982-01-06', 2, '2024-10-09 06:21:28', '2024-10-09 06:21:28'),
(534, 57, 1, 'commodi maiores provident', '2015-12-10', 10, '2024-10-09 06:21:28', '2024-10-09 06:21:28'),
(535, 10, 86, 'voluptates molestiae qui', '1993-01-03', 82, '2024-10-09 06:21:28', '2024-10-09 06:21:28'),
(536, 59, 50, 'commodi molestiae ipsam', '1987-07-21', 13, '2024-10-09 06:21:28', '2024-10-09 06:21:28'),
(537, 43, 33, 'sed molestiae voluptas', '1972-01-19', 174, '2024-10-09 06:21:28', '2024-10-09 06:21:28'),
(538, 38, 37, 'veniam omnis veniam', '1989-09-07', 73, '2024-10-09 06:21:28', '2024-10-09 06:21:28'),
(539, 95, 32, 'vel et nobis', '2020-01-09', 18, '2024-10-09 06:21:28', '2024-10-09 06:21:28'),
(540, 40, 39, 'autem perspiciatis non', '1999-03-11', 16, '2024-10-09 06:21:28', '2024-10-09 06:21:28'),
(541, 4, 39, 'qui voluptatem ut', '2008-11-11', 45, '2024-10-09 06:21:28', '2024-10-09 06:21:28'),
(542, 69, 69, 'est et qui', '1988-04-30', 67, '2024-10-09 06:21:28', '2024-10-09 06:21:28'),
(543, 42, 7, 'consequatur qui repellat', '2002-03-05', 35, '2024-10-09 06:21:28', '2024-10-09 06:21:28'),
(544, 17, 59, 'velit cumque culpa', '1991-07-04', 40, '2024-10-09 06:21:28', '2024-10-09 06:21:28'),
(545, 22, 77, 'natus eveniet qui', '1988-08-10', 138, '2024-10-09 06:21:28', '2024-10-09 06:21:28'),
(546, 27, 32, 'nobis ex nemo', '2001-01-25', 131, '2024-10-09 06:21:28', '2024-10-09 06:21:28'),
(547, 3, 47, 'ad animi ea', '2007-01-04', 81, '2024-10-09 06:21:28', '2024-10-09 06:21:28'),
(548, 34, 34, 'et alias aut', '1997-06-20', 45, '2024-10-09 06:21:28', '2024-10-09 06:21:28'),
(549, 29, 6, 'repudiandae qui sit', '1994-07-18', 117, '2024-10-09 06:21:28', '2024-10-09 06:21:28'),
(550, 25, 17, 'illo est reiciendis', '1997-10-16', 165, '2024-10-09 06:21:28', '2024-10-09 06:21:28'),
(551, 12, 96, 'qui et eum', '2017-02-22', 78, '2024-10-09 06:21:28', '2024-10-09 06:21:28'),
(552, 101, 75, 'soluta atque ipsa', '1984-12-29', 155, '2024-10-09 06:21:28', '2024-10-09 06:21:28'),
(553, 71, 53, 'vero temporibus autem', '1991-06-16', 68, '2024-10-09 06:21:28', '2024-10-09 06:21:28'),
(554, 47, 6, 'dolor impedit sit', '1970-10-12', 119, '2024-10-09 06:21:28', '2024-10-09 06:21:28'),
(555, 83, 64, 'vero expedita et', '2005-04-26', 131, '2024-10-09 06:21:28', '2024-10-09 06:21:28'),
(556, 87, 14, 'qui consequatur cupiditate', '2016-06-02', 194, '2024-10-09 06:21:28', '2024-10-09 06:21:28'),
(557, 81, 43, 'ut consequuntur incidunt', '2001-04-21', 131, '2024-10-09 06:21:28', '2024-10-09 06:21:28'),
(558, 24, 23, 'expedita et quas', '2010-01-18', 41, '2024-10-09 06:21:28', '2024-10-09 06:21:28'),
(559, 16, 10, 'quas voluptatum vitae', '2024-08-15', 52, '2024-10-09 06:21:28', '2024-10-09 06:21:28'),
(560, 60, 21, 'unde placeat qui', '2019-03-19', 168, '2024-10-09 06:21:28', '2024-10-09 06:21:28'),
(561, 101, 39, 'sapiente quisquam voluptate', '1977-08-25', 180, '2024-10-09 06:21:28', '2024-10-09 06:21:28'),
(562, 64, 3, 'ut ipsum et', '1985-02-15', 54, '2024-10-09 06:21:28', '2024-10-09 06:21:28'),
(563, 80, 97, 'qui quos assumenda', '1993-11-13', 7, '2024-10-09 06:21:28', '2024-10-09 06:21:28'),
(564, 76, 85, 'assumenda numquam consequatur', '1997-03-03', 113, '2024-10-09 06:21:28', '2024-10-09 06:21:28'),
(565, 4, 27, 'sint impedit sequi', '1978-07-12', 195, '2024-10-09 06:21:28', '2024-10-09 06:21:28'),
(566, 51, 14, 'molestiae nisi rem', '1970-07-08', 22, '2024-10-09 06:21:28', '2024-10-09 06:21:28'),
(567, 47, 37, 'aspernatur cupiditate quam', '1983-11-20', 81, '2024-10-09 06:21:28', '2024-10-09 06:21:28'),
(568, 81, 66, 'nihil facilis alias', '2019-10-04', 43, '2024-10-09 06:21:28', '2024-10-09 06:21:28'),
(569, 34, 47, 'non repellat minus', '2011-05-31', 71, '2024-10-09 06:21:28', '2024-10-09 06:21:28'),
(570, 39, 60, 'dolor possimus iste', '1990-03-24', 67, '2024-10-09 06:21:29', '2024-10-09 06:21:29'),
(571, 91, 91, 'quidem fugiat occaecati', '1988-04-16', 96, '2024-10-09 06:21:29', '2024-10-09 06:21:29'),
(572, 7, 35, 'eos alias sunt', '2017-08-22', 145, '2024-10-09 06:21:29', '2024-10-09 06:21:29'),
(573, 42, 56, 'optio et in', '2020-10-06', 88, '2024-10-09 06:21:29', '2024-10-09 06:21:29'),
(574, 77, 20, 'ad amet voluptate', '2012-11-15', 42, '2024-10-09 06:21:29', '2024-10-09 06:21:29'),
(575, 79, 2, 'vel facere tempora', '1993-04-06', 96, '2024-10-09 06:21:29', '2024-10-09 06:21:29'),
(576, 57, 48, 'aut esse non', '1987-06-24', 25, '2024-10-09 06:21:29', '2024-10-09 06:21:29'),
(577, 33, 17, 'enim dolores non', '2008-07-08', 194, '2024-10-09 06:21:29', '2024-10-09 06:21:29'),
(578, 20, 95, 'minima maiores et', '2001-10-12', 40, '2024-10-09 06:21:29', '2024-10-09 06:21:29'),
(579, 13, 75, 'explicabo iste voluptatem', '1982-12-20', 68, '2024-10-09 06:21:29', '2024-10-09 06:21:29'),
(580, 32, 18, 'vel nihil perferendis', '2014-03-10', 174, '2024-10-09 06:21:29', '2024-10-09 06:21:29'),
(581, 22, 28, 'a dolores laudantium', '1988-07-03', 199, '2024-10-09 06:21:29', '2024-10-09 06:21:29'),
(582, 78, 23, 'cupiditate nulla mollitia', '1980-05-07', 11, '2024-10-09 06:21:29', '2024-10-09 06:21:29'),
(583, 3, 28, 'sapiente ex nobis', '2010-02-17', 13, '2024-10-09 06:21:29', '2024-10-09 06:21:29'),
(584, 13, 40, 'laboriosam non est', '1994-01-22', 16, '2024-10-09 06:21:29', '2024-10-09 06:21:29'),
(585, 55, 87, 'quaerat et fugit', '1980-12-03', 148, '2024-10-09 06:21:29', '2024-10-09 06:21:29'),
(586, 20, 18, 'rem voluptatem ratione', '1990-08-09', 91, '2024-10-09 06:21:29', '2024-10-09 06:21:29'),
(587, 26, 31, 'eum velit sit', '1984-12-06', 159, '2024-10-09 06:21:29', '2024-10-09 06:21:29'),
(588, 25, 53, 'animi voluptatum explicabo', '2020-05-26', 73, '2024-10-09 06:21:29', '2024-10-09 06:21:29'),
(589, 91, 92, 'exercitationem voluptas explicabo', '2017-06-13', 142, '2024-10-09 06:21:29', '2024-10-09 06:21:29'),
(590, 63, 90, 'sunt qui doloribus', '2003-10-07', 1, '2024-10-09 06:21:29', '2024-10-09 06:21:29'),
(591, 38, 29, 'vel quis aliquam', '1972-02-25', 38, '2024-10-09 06:21:29', '2024-10-09 06:21:29'),
(592, 71, 12, 'sit corrupti debitis', '1977-01-04', 111, '2024-10-09 06:21:29', '2024-10-09 06:21:29'),
(593, 82, 98, 'animi modi adipisci', '2019-10-01', 158, '2024-10-09 06:21:29', '2024-10-09 06:21:29'),
(594, 41, 32, 'quis eos consequatur', '1973-09-05', 149, '2024-10-09 06:21:29', '2024-10-09 06:21:29'),
(595, 1, 61, 'animi natus porro', '2006-05-16', 63, '2024-10-09 06:21:29', '2024-10-09 06:21:29'),
(596, 14, 4, 'et at beatae', '2000-12-02', 157, '2024-10-09 06:21:29', '2024-10-09 06:21:29'),
(597, 57, 52, 'repellat esse tempora', '1989-02-22', 149, '2024-10-09 06:21:29', '2024-10-09 06:21:29'),
(598, 21, 62, 'error aut in', '1985-09-22', 52, '2024-10-09 06:21:29', '2024-10-09 06:21:29'),
(599, 9, 95, 'et necessitatibus minima', '2001-06-06', 82, '2024-10-09 06:21:29', '2024-10-09 06:21:29'),
(600, 32, 26, 'qui consequatur incidunt', '1991-02-09', 56, '2024-10-09 06:21:29', '2024-10-09 06:21:29'),
(601, 61, 7, 'sit minus non', '2017-07-12', 68, '2024-10-09 06:21:29', '2024-10-09 06:21:29'),
(602, 100, 32, 'distinctio quos nam', '2008-02-20', 127, '2024-10-09 06:21:29', '2024-10-09 06:21:29'),
(603, 53, 31, 'rerum aut ut', '2010-01-18', 92, '2024-10-09 06:21:29', '2024-10-09 06:21:29'),
(604, 16, 19, 'est est adipisci', '1980-11-28', 97, '2024-10-09 06:21:29', '2024-10-09 06:21:29'),
(605, 46, 15, 'vel excepturi perspiciatis', '2013-04-04', 13, '2024-10-09 06:21:29', '2024-10-09 06:21:29'),
(606, 45, 20, 'officia minus veniam', '1994-12-01', 129, '2024-10-09 06:21:29', '2024-10-09 06:21:29'),
(607, 45, 74, 'saepe in quis', '1972-09-18', 108, '2024-10-09 06:21:29', '2024-10-09 06:21:29'),
(608, 89, 63, 'officia eaque accusantium', '2015-01-25', 48, '2024-10-09 06:21:29', '2024-10-09 06:21:29'),
(609, 56, 40, 'laboriosam repellendus voluptatem', '2000-02-05', 128, '2024-10-09 06:21:29', '2024-10-09 06:21:29'),
(610, 29, 57, 'est enim quasi', '1978-07-18', 19, '2024-10-09 06:21:29', '2024-10-09 06:21:29'),
(611, 20, 69, 'ut et nihil', '1998-03-03', 104, '2024-10-09 06:21:29', '2024-10-09 06:21:29'),
(612, 24, 54, 'amet itaque vel', '1972-11-15', 55, '2024-10-09 06:21:29', '2024-10-09 06:21:29'),
(613, 60, 43, 'recusandae doloribus velit', '2016-05-26', 166, '2024-10-09 06:21:29', '2024-10-09 06:21:29'),
(614, 7, 43, 'quod suscipit nihil', '1970-12-15', 195, '2024-10-09 06:21:29', '2024-10-09 06:21:29'),
(615, 55, 81, 'quia aspernatur nemo', '1976-12-07', 23, '2024-10-09 06:21:29', '2024-10-09 06:21:29'),
(616, 61, 38, 'iusto deserunt laudantium', '1994-10-29', 68, '2024-10-09 06:21:29', '2024-10-09 06:21:29'),
(617, 66, 98, 'quod molestias alias', '2007-02-23', 164, '2024-10-09 06:21:29', '2024-10-09 06:21:29'),
(618, 32, 72, 'omnis omnis enim', '1984-06-02', 94, '2024-10-09 06:21:29', '2024-10-09 06:21:29'),
(619, 22, 33, 'fugit pariatur quam', '2019-07-20', 102, '2024-10-09 06:21:29', '2024-10-09 06:21:29'),
(620, 9, 6, 'quae ex nisi', '2009-03-01', 32, '2024-10-09 06:21:29', '2024-10-09 06:21:29'),
(621, 27, 55, 'et nam minima', '2004-09-18', 47, '2024-10-09 06:21:29', '2024-10-09 06:21:29'),
(622, 56, 37, 'quisquam illo vitae', '1975-06-20', 163, '2024-10-09 06:21:29', '2024-10-09 06:21:29'),
(623, 60, 18, 'dolorem at nisi', '1977-07-24', 136, '2024-10-09 06:21:29', '2024-10-09 06:21:29'),
(624, 14, 6, 'quo repudiandae eveniet', '1997-10-06', 59, '2024-10-09 06:21:29', '2024-10-09 06:21:29'),
(625, 32, 42, 'quas et libero', '2019-02-21', 127, '2024-10-09 06:21:29', '2024-10-09 06:21:29'),
(626, 91, 92, 'debitis similique corrupti', '2011-04-24', 108, '2024-10-09 06:21:29', '2024-10-09 06:21:29'),
(627, 78, 54, 'voluptate sit nemo', '1972-02-26', 68, '2024-10-09 06:21:29', '2024-10-09 06:21:29'),
(628, 19, 78, 'assumenda iusto beatae', '1997-10-30', 173, '2024-10-09 06:21:29', '2024-10-09 06:21:29'),
(629, 3, 2, 'qui voluptas aut', '2005-10-02', 86, '2024-10-09 06:21:29', '2024-10-09 06:21:29'),
(630, 85, 89, 'consequatur nobis voluptas', '1986-05-25', 43, '2024-10-09 06:21:29', '2024-10-09 06:21:29'),
(631, 10, 50, 'consequatur rerum sint', '1990-11-01', 123, '2024-10-09 06:21:30', '2024-10-09 06:21:30'),
(632, 9, 24, 'molestias id repellat', '1990-03-13', 134, '2024-10-09 06:21:30', '2024-10-09 06:21:30'),
(633, 2, 55, 'amet perferendis illum', '2002-01-22', 157, '2024-10-09 06:21:30', '2024-10-09 06:21:30'),
(634, 51, 22, 'doloribus pariatur voluptas', '1976-03-03', 59, '2024-10-09 06:21:30', '2024-10-09 06:21:30'),
(635, 39, 66, 'consequuntur in culpa', '2017-05-02', 101, '2024-10-09 06:21:30', '2024-10-09 06:21:30'),
(636, 36, 21, 'ipsa distinctio aliquam', '1997-01-01', 131, '2024-10-09 06:21:30', '2024-10-09 06:21:30'),
(637, 81, 95, 'dolores adipisci ut', '2020-11-14', 48, '2024-10-09 06:21:30', '2024-10-09 06:21:30'),
(638, 39, 86, 'non voluptate quia', '1972-09-08', 26, '2024-10-09 06:21:30', '2024-10-09 06:21:30'),
(639, 79, 38, 'sed quis et', '1998-12-31', 122, '2024-10-09 06:21:30', '2024-10-09 06:21:30'),
(640, 63, 100, 'necessitatibus velit corporis', '1986-09-16', 107, '2024-10-09 06:21:30', '2024-10-09 06:21:30'),
(641, 99, 73, 'expedita possimus et', '2007-09-11', 50, '2024-10-09 06:21:30', '2024-10-09 06:21:30'),
(642, 48, 30, 'doloremque architecto recusandae', '2014-04-18', 65, '2024-10-09 06:21:30', '2024-10-09 06:21:30'),
(643, 62, 3, 'excepturi exercitationem alias', '2011-02-13', 74, '2024-10-09 06:21:30', '2024-10-09 06:21:30'),
(644, 96, 32, 'voluptates amet totam', '1983-11-06', 144, '2024-10-09 06:21:30', '2024-10-09 06:21:30'),
(645, 84, 26, 'veniam repudiandae eos', '1991-06-07', 52, '2024-10-09 06:21:30', '2024-10-09 06:21:30'),
(646, 85, 21, 'ex sequi tempora', '1977-02-01', 71, '2024-10-09 06:21:30', '2024-10-09 06:21:30'),
(647, 10, 70, 'dolorem sed tempore', '1972-04-18', 141, '2024-10-09 06:21:30', '2024-10-09 06:21:30'),
(648, 28, 33, 'quod harum alias', '1975-03-15', 162, '2024-10-09 06:21:30', '2024-10-09 06:21:30'),
(649, 87, 86, 'quae et aut', '1979-02-03', 17, '2024-10-09 06:21:30', '2024-10-09 06:21:30'),
(650, 38, 26, 'voluptatem omnis iste', '1995-06-16', 78, '2024-10-09 06:21:30', '2024-10-09 06:21:30'),
(651, 22, 18, 'natus adipisci molestiae', '2010-04-06', 158, '2024-10-09 06:21:30', '2024-10-09 06:21:30'),
(652, 12, 16, 'ut cupiditate ipsam', '2023-06-12', 95, '2024-10-09 06:21:30', '2024-10-09 06:21:30'),
(653, 66, 83, 'rerum reprehenderit similique', '1998-05-25', 183, '2024-10-09 06:21:30', '2024-10-09 06:21:30'),
(654, 84, 84, 'corporis sit voluptatum', '2008-02-14', 153, '2024-10-09 06:21:30', '2024-10-09 06:21:30'),
(655, 39, 89, 'et doloribus sit', '2007-08-22', 98, '2024-10-09 06:21:30', '2024-10-09 06:21:30'),
(656, 46, 82, 'omnis voluptates quod', '2002-03-12', 149, '2024-10-09 06:21:30', '2024-10-09 06:21:30'),
(657, 100, 27, 'tempore tenetur consequatur', '2006-08-20', 149, '2024-10-09 06:21:30', '2024-10-09 06:21:30'),
(658, 96, 40, 'maiores alias est', '2004-03-21', 38, '2024-10-09 06:21:30', '2024-10-09 06:21:30'),
(659, 44, 9, 'aperiam ea nobis', '1976-03-26', 27, '2024-10-09 06:21:30', '2024-10-09 06:21:30'),
(660, 72, 36, 'est eos ipsum', '2009-03-11', 113, '2024-10-09 06:21:30', '2024-10-09 06:21:30'),
(661, 35, 69, 'nemo earum quis', '1994-01-10', 175, '2024-10-09 06:21:30', '2024-10-09 06:21:30'),
(662, 65, 15, 'non commodi ea', '1995-02-13', 26, '2024-10-09 06:21:30', '2024-10-09 06:21:30'),
(663, 47, 66, 'provident perferendis temporibus', '1973-02-19', 16, '2024-10-09 06:21:30', '2024-10-09 06:21:30'),
(664, 93, 43, 'pariatur quo deleniti', '2013-08-20', 101, '2024-10-09 06:21:30', '2024-10-09 06:21:30'),
(665, 101, 30, 'assumenda iusto rerum', '1972-07-06', 27, '2024-10-09 06:21:30', '2024-10-09 06:21:30'),
(666, 17, 88, 'aliquam non eos', '1974-02-05', 135, '2024-10-09 06:21:30', '2024-10-09 06:21:30'),
(667, 35, 72, 'eos soluta nihil', '2012-06-10', 30, '2024-10-09 06:21:30', '2024-10-09 06:21:30'),
(668, 10, 35, 'iste voluptatem eveniet', '2002-12-15', 139, '2024-10-09 06:21:30', '2024-10-09 06:21:30'),
(669, 4, 91, 'quis omnis voluptas', '1984-03-08', 25, '2024-10-09 06:21:30', '2024-10-09 06:21:30'),
(670, 69, 88, 'aut omnis hic', '1999-07-22', 37, '2024-10-09 06:21:30', '2024-10-09 06:21:30'),
(671, 48, 47, 'esse non eaque', '1970-10-13', 27, '2024-10-09 06:21:30', '2024-10-09 06:21:30'),
(672, 14, 99, 'dignissimos quo aut', '1974-11-16', 75, '2024-10-09 06:21:30', '2024-10-09 06:21:30'),
(673, 25, 49, 'a ex iusto', '1993-07-30', 1, '2024-10-09 06:21:30', '2024-10-09 06:21:30'),
(674, 58, 42, 'quia commodi voluptatem', '2011-05-22', 6, '2024-10-09 06:21:30', '2024-10-09 06:21:30'),
(675, 44, 7, 'libero quod blanditiis', '2001-02-24', 156, '2024-10-09 06:21:30', '2024-10-09 06:21:30'),
(676, 53, 95, 'voluptatibus reprehenderit ratione', '1981-08-25', 157, '2024-10-09 06:21:30', '2024-10-09 06:21:30'),
(677, 59, 95, 'facilis fuga temporibus', '1973-03-23', 27, '2024-10-09 06:21:30', '2024-10-09 06:21:30'),
(678, 40, 71, 'ab rerum et', '2017-01-14', 29, '2024-10-09 06:21:30', '2024-10-09 06:21:30'),
(679, 68, 39, 'cumque et aut', '1993-05-04', 55, '2024-10-09 06:21:30', '2024-10-09 06:21:30'),
(680, 73, 90, 'nulla nihil et', '2003-01-10', 180, '2024-10-09 06:21:30', '2024-10-09 06:21:30'),
(681, 87, 3, 'dolore laboriosam accusamus', '2009-01-10', 161, '2024-10-09 06:21:30', '2024-10-09 06:21:30'),
(682, 69, 13, 'tempore cumque quo', '1979-12-17', 40, '2024-10-09 06:21:30', '2024-10-09 06:21:30'),
(683, 95, 68, 'consequatur atque ullam', '2022-06-05', 161, '2024-10-09 06:21:30', '2024-10-09 06:21:30'),
(684, 42, 87, 'cumque et aspernatur', '1985-05-01', 86, '2024-10-09 06:21:30', '2024-10-09 06:21:30'),
(685, 60, 84, 'iure recusandae nulla', '1991-09-24', 12, '2024-10-09 06:21:30', '2024-10-09 06:21:30'),
(686, 77, 77, 'aperiam facilis praesentium', '2003-09-03', 107, '2024-10-09 06:21:30', '2024-10-09 06:21:30'),
(687, 33, 91, 'vero consequatur eos', '2011-11-25', 178, '2024-10-09 06:21:30', '2024-10-09 06:21:30'),
(688, 63, 53, 'aperiam sit iure', '2022-10-23', 106, '2024-10-09 06:21:30', '2024-10-09 06:21:30'),
(689, 35, 60, 'quia esse alias', '1997-09-15', 26, '2024-10-09 06:21:31', '2024-10-09 06:21:31'),
(690, 37, 60, 'tenetur ut qui', '2005-04-18', 110, '2024-10-09 06:21:31', '2024-10-09 06:21:31'),
(691, 75, 11, 'facilis perferendis qui', '2006-09-22', 93, '2024-10-09 06:21:31', '2024-10-09 06:21:31'),
(692, 83, 58, 'quo expedita hic', '1982-06-29', 1, '2024-10-09 06:21:31', '2024-10-09 06:21:31'),
(693, 17, 21, 'quia dolorum ut', '2015-11-04', 29, '2024-10-09 06:21:31', '2024-10-09 06:21:31'),
(694, 33, 100, 'ratione dolorem consequatur', '2012-12-01', 138, '2024-10-09 06:21:31', '2024-10-09 06:21:31'),
(695, 45, 37, 'tenetur et natus', '2021-09-27', 157, '2024-10-09 06:21:31', '2024-10-09 06:21:31'),
(696, 62, 76, 'voluptatem aliquam in', '1993-07-04', 80, '2024-10-09 06:21:31', '2024-10-09 06:21:31'),
(697, 78, 32, 'in a modi', '2006-01-19', 158, '2024-10-09 06:21:31', '2024-10-09 06:21:31'),
(698, 96, 78, 'nesciunt ut deleniti', '2008-04-02', 5, '2024-10-09 06:21:31', '2024-10-09 06:21:31'),
(699, 87, 80, 'ex nobis et', '2017-04-17', 70, '2024-10-09 06:21:31', '2024-10-09 06:21:31'),
(700, 29, 51, 'rem sit dolor', '2007-09-18', 156, '2024-10-09 06:21:31', '2024-10-09 06:21:31'),
(701, 37, 70, 'quam quod sunt', '2002-05-15', 35, '2024-10-09 06:21:31', '2024-10-09 06:21:31'),
(702, 40, 63, 'in sapiente neque', '2018-04-06', 156, '2024-10-09 06:21:31', '2024-10-09 06:21:31'),
(703, 78, 47, 'est id qui', '2004-08-17', 58, '2024-10-09 06:21:31', '2024-10-09 06:21:31'),
(704, 43, 95, 'modi ducimus assumenda', '1970-04-16', 153, '2024-10-09 06:21:31', '2024-10-09 06:21:31'),
(705, 6, 81, 'nostrum laboriosam nisi', '1980-12-27', 152, '2024-10-09 06:21:31', '2024-10-09 06:21:31'),
(706, 59, 89, 'aliquam vel earum', '2005-02-11', 108, '2024-10-09 06:21:31', '2024-10-09 06:21:31'),
(707, 15, 46, 'est quis et', '2015-09-02', 73, '2024-10-09 06:21:31', '2024-10-09 06:21:31'),
(708, 45, 86, 'velit placeat quae', '1999-12-03', 200, '2024-10-09 06:21:31', '2024-10-09 06:21:31'),
(709, 24, 39, 'sed quidem vel', '1988-11-09', 188, '2024-10-09 06:21:31', '2024-10-09 06:21:31'),
(710, 47, 101, 'accusantium enim laudantium', '1971-11-12', 186, '2024-10-09 06:21:31', '2024-10-09 06:21:31'),
(711, 82, 14, 'non reprehenderit suscipit', '1973-10-27', 82, '2024-10-09 06:21:31', '2024-10-09 06:21:31'),
(712, 61, 59, 'quasi tempore et', '2019-06-01', 73, '2024-10-09 06:21:31', '2024-10-09 06:21:31'),
(713, 2, 10, 'et est neque', '2024-09-20', 176, '2024-10-09 06:21:31', '2024-10-09 06:21:31'),
(714, 54, 87, 'sit voluptatem expedita', '1983-10-02', 3, '2024-10-09 06:21:31', '2024-10-09 06:21:31'),
(715, 84, 16, 'et enim nisi', '1997-03-21', 138, '2024-10-09 06:21:31', '2024-10-09 06:21:31'),
(716, 37, 15, 'possimus sunt minus', '2003-04-07', 75, '2024-10-09 06:21:31', '2024-10-09 06:21:31'),
(717, 63, 73, 'et qui possimus', '2009-06-18', 98, '2024-10-09 06:21:31', '2024-10-09 06:21:31'),
(718, 47, 81, 'aut et quasi', '1973-02-03', 84, '2024-10-09 06:21:31', '2024-10-09 06:21:31'),
(719, 58, 19, 'delectus odit molestias', '1986-08-15', 144, '2024-10-09 06:21:31', '2024-10-09 06:21:31'),
(720, 8, 101, 'quo qui nobis', '2008-10-09', 148, '2024-10-09 06:21:31', '2024-10-09 06:21:31'),
(721, 28, 58, 'excepturi eaque necessitatibus', '2002-03-10', 165, '2024-10-09 06:21:31', '2024-10-09 06:21:31'),
(722, 74, 55, 'sed dolores velit', '1975-02-13', 65, '2024-10-09 06:21:31', '2024-10-09 06:21:31'),
(723, 16, 48, 'neque a animi', '2015-06-27', 25, '2024-10-09 06:21:31', '2024-10-09 06:21:31'),
(724, 71, 30, 'deleniti natus quis', '1974-10-07', 95, '2024-10-09 06:21:31', '2024-10-09 06:21:31'),
(725, 75, 3, 'exercitationem natus maiores', '1987-10-16', 112, '2024-10-09 06:21:31', '2024-10-09 06:21:31'),
(726, 97, 19, 'iusto ut perferendis', '1972-06-11', 57, '2024-10-09 06:21:31', '2024-10-09 06:21:31'),
(727, 19, 51, 'quisquam est quo', '2020-02-20', 15, '2024-10-09 06:21:31', '2024-10-09 06:21:31'),
(728, 43, 77, 'voluptatem doloremque molestias', '1998-03-12', 118, '2024-10-09 06:21:31', '2024-10-09 06:21:31'),
(729, 62, 39, 'quia culpa fugit', '1993-09-29', 160, '2024-10-09 06:21:31', '2024-10-09 06:21:31'),
(730, 7, 49, 'quasi cupiditate debitis', '1987-07-21', 192, '2024-10-09 06:21:31', '2024-10-09 06:21:31'),
(731, 52, 69, 'esse sapiente cum', '1977-07-21', 153, '2024-10-09 06:21:31', '2024-10-09 06:21:31'),
(732, 29, 6, 'ratione qui dolorem', '2017-08-24', 90, '2024-10-09 06:21:31', '2024-10-09 06:21:31'),
(733, 45, 73, 'et sint unde', '1988-10-12', 152, '2024-10-09 06:21:31', '2024-10-09 06:21:31'),
(734, 99, 17, 'assumenda sit esse', '1985-04-08', 185, '2024-10-09 06:21:31', '2024-10-09 06:21:31'),
(735, 93, 91, 'est impedit et', '1995-10-23', 37, '2024-10-09 06:21:31', '2024-10-09 06:21:31'),
(736, 72, 29, 'veritatis inventore eligendi', '1971-02-11', 38, '2024-10-09 06:21:31', '2024-10-09 06:21:31'),
(737, 57, 74, 'cupiditate voluptatum voluptatem', '1970-11-07', 83, '2024-10-09 06:21:31', '2024-10-09 06:21:31'),
(738, 75, 74, 'quia sed molestiae', '1988-09-30', 23, '2024-10-09 06:21:31', '2024-10-09 06:21:31'),
(739, 94, 52, 'recusandae alias et', '2018-07-10', 70, '2024-10-09 06:21:31', '2024-10-09 06:21:31'),
(740, 36, 35, 'ipsa in libero', '1975-09-17', 142, '2024-10-09 06:21:31', '2024-10-09 06:21:31'),
(741, 38, 45, 'aut aut rerum', '1970-07-07', 176, '2024-10-09 06:21:31', '2024-10-09 06:21:31'),
(742, 73, 93, 'cumque voluptatem asperiores', '2002-11-01', 180, '2024-10-09 06:21:31', '2024-10-09 06:21:31'),
(743, 5, 84, 'eligendi et iste', '1988-07-16', 148, '2024-10-09 06:21:31', '2024-10-09 06:21:31'),
(744, 39, 9, 'expedita cupiditate quisquam', '1977-09-20', 66, '2024-10-09 06:21:31', '2024-10-09 06:21:31'),
(745, 56, 95, 'molestiae molestias aut', '2009-05-13', 149, '2024-10-09 06:21:31', '2024-10-09 06:21:31'),
(746, 73, 58, 'voluptatem modi vero', '2001-01-20', 65, '2024-10-09 06:21:31', '2024-10-09 06:21:31'),
(747, 97, 26, 'quia ut consequatur', '2011-04-05', 96, '2024-10-09 06:21:31', '2024-10-09 06:21:31'),
(748, 30, 49, 'voluptates voluptates laborum', '2022-09-11', 182, '2024-10-09 06:21:31', '2024-10-09 06:21:31'),
(749, 89, 13, 'porro ut optio', '2004-12-24', 132, '2024-10-09 06:21:31', '2024-10-09 06:21:31'),
(750, 52, 97, 'quis et voluptatem', '1987-08-12', 25, '2024-10-09 06:21:31', '2024-10-09 06:21:31'),
(751, 52, 35, 'dicta ad eos', '1970-09-14', 26, '2024-10-09 06:21:31', '2024-10-09 06:21:31'),
(752, 16, 79, 'eum fugiat velit', '2014-09-16', 90, '2024-10-09 06:21:31', '2024-10-09 06:21:31'),
(753, 96, 9, 'in tenetur laborum', '2005-04-22', 97, '2024-10-09 06:21:31', '2024-10-09 06:21:31'),
(754, 38, 42, 'illum eaque ab', '2007-08-15', 180, '2024-10-09 06:21:31', '2024-10-09 06:21:31'),
(755, 44, 86, 'nam blanditiis nisi', '1998-05-21', 13, '2024-10-09 06:21:31', '2024-10-09 06:21:31'),
(756, 54, 25, 'libero odit laborum', '2011-06-18', 123, '2024-10-09 06:21:31', '2024-10-09 06:21:31'),
(757, 78, 42, 'eos facilis soluta', '1995-05-19', 61, '2024-10-09 06:21:31', '2024-10-09 06:21:31'),
(758, 93, 47, 'sed sapiente dignissimos', '1988-12-05', 165, '2024-10-09 06:21:31', '2024-10-09 06:21:31'),
(759, 96, 97, 'neque ut voluptatem', '1987-01-27', 18, '2024-10-09 06:21:31', '2024-10-09 06:21:31'),
(760, 65, 52, 'voluptates qui nulla', '1974-08-04', 35, '2024-10-09 06:21:32', '2024-10-09 06:21:32'),
(761, 4, 3, 'aut quis voluptatem', '1973-02-20', 50, '2024-10-09 06:21:32', '2024-10-09 06:21:32'),
(762, 12, 36, 'eveniet ad qui', '2007-09-13', 96, '2024-10-09 06:21:32', '2024-10-09 06:21:32'),
(763, 45, 41, 'non non asperiores', '1977-07-07', 53, '2024-10-09 06:21:32', '2024-10-09 06:21:32'),
(764, 23, 78, 'error similique est', '1991-03-13', 140, '2024-10-09 06:21:32', '2024-10-09 06:21:32'),
(765, 40, 57, 'ad adipisci libero', '1998-01-25', 11, '2024-10-09 06:21:32', '2024-10-09 06:21:32'),
(766, 4, 87, 'tempora reiciendis rerum', '1995-01-23', 108, '2024-10-09 06:21:32', '2024-10-09 06:21:32'),
(767, 44, 19, 'et quos pariatur', '2023-02-04', 73, '2024-10-09 06:21:32', '2024-10-09 06:21:32'),
(768, 49, 39, 'et nulla magnam', '2018-03-03', 133, '2024-10-09 06:21:32', '2024-10-09 06:21:32'),
(769, 8, 13, 'nostrum dicta enim', '1981-09-29', 42, '2024-10-09 06:21:32', '2024-10-09 06:21:32'),
(770, 90, 48, 'enim exercitationem eligendi', '1997-05-01', 115, '2024-10-09 06:21:32', '2024-10-09 06:21:32'),
(771, 84, 84, 'qui aliquid ipsam', '2021-11-21', 20, '2024-10-09 06:21:32', '2024-10-09 06:21:32'),
(772, 54, 43, 'eos voluptatem aspernatur', '2014-08-02', 134, '2024-10-09 06:21:32', '2024-10-09 06:21:32'),
(773, 92, 29, 'nihil illum aut', '2015-05-17', 3, '2024-10-09 06:21:32', '2024-10-09 06:21:32'),
(774, 39, 92, 'illo adipisci soluta', '2015-05-13', 172, '2024-10-09 06:21:32', '2024-10-09 06:21:32'),
(775, 5, 55, 'eos optio nam', '1976-09-03', 31, '2024-10-09 06:21:32', '2024-10-09 06:21:32'),
(776, 66, 11, 'nulla ipsam temporibus', '1998-01-31', 21, '2024-10-09 06:21:32', '2024-10-09 06:21:32'),
(777, 92, 82, 'harum neque quae', '2020-04-01', 14, '2024-10-09 06:21:32', '2024-10-09 06:21:32'),
(778, 25, 59, 'officia reprehenderit fugiat', '2021-12-22', 66, '2024-10-09 06:21:32', '2024-10-09 06:21:32'),
(779, 81, 74, 'minima optio labore', '1981-03-24', 58, '2024-10-09 06:21:32', '2024-10-09 06:21:32'),
(780, 81, 91, 'nobis dolorum est', '2014-11-05', 27, '2024-10-09 06:21:32', '2024-10-09 06:21:32'),
(781, 49, 36, 'minima rerum maxime', '1987-04-19', 149, '2024-10-09 06:21:32', '2024-10-09 06:21:32'),
(782, 17, 87, 'id quo porro', '1988-12-15', 33, '2024-10-09 06:21:32', '2024-10-09 06:21:32'),
(783, 1, 8, 'corrupti fuga et', '1971-07-25', 44, '2024-10-09 06:21:32', '2024-10-09 06:21:32'),
(784, 99, 65, 'perspiciatis voluptate quas', '1978-10-05', 176, '2024-10-09 06:21:32', '2024-10-09 06:21:32'),
(785, 13, 87, 'voluptatem sit quaerat', '1973-08-02', 140, '2024-10-09 06:21:32', '2024-10-09 06:21:32'),
(786, 45, 77, 'vel occaecati voluptatum', '1996-10-23', 1, '2024-10-09 06:21:32', '2024-10-09 06:21:32'),
(787, 43, 34, 'amet ratione animi', '1991-10-21', 106, '2024-10-09 06:21:32', '2024-10-09 06:21:32'),
(788, 27, 17, 'quos assumenda corporis', '1971-03-07', 45, '2024-10-09 06:21:32', '2024-10-09 06:21:32'),
(789, 89, 17, 'porro consequatur iusto', '1973-03-24', 133, '2024-10-09 06:21:32', '2024-10-09 06:21:32'),
(790, 87, 40, 'necessitatibus tenetur omnis', '2012-09-26', 76, '2024-10-09 06:21:32', '2024-10-09 06:21:32'),
(791, 3, 9, 'atque voluptate dicta', '2020-09-08', 129, '2024-10-09 06:21:32', '2024-10-09 06:21:32'),
(792, 53, 81, 'sint reiciendis inventore', '2003-11-03', 92, '2024-10-09 06:21:32', '2024-10-09 06:21:32'),
(793, 54, 28, 'fuga quia fugit', '2002-09-04', 165, '2024-10-09 06:21:32', '2024-10-09 06:21:32'),
(794, 63, 27, 'nulla optio ab', '2003-07-07', 51, '2024-10-09 06:21:32', '2024-10-09 06:21:32'),
(795, 59, 11, 'animi voluptas quis', '2009-07-26', 11, '2024-10-09 06:21:32', '2024-10-09 06:21:32'),
(796, 37, 30, 'ut dolorem molestiae', '2024-06-20', 94, '2024-10-09 06:21:32', '2024-10-09 06:21:32'),
(797, 63, 14, 'ratione molestiae maxime', '2023-04-13', 193, '2024-10-09 06:21:32', '2024-10-09 06:21:32'),
(798, 31, 36, 'aut dolore earum', '1973-11-30', 39, '2024-10-09 06:21:32', '2024-10-09 06:21:32'),
(799, 67, 97, 'aut at laudantium', '1979-11-16', 76, '2024-10-09 06:21:32', '2024-10-09 06:21:32'),
(800, 42, 97, 'iure incidunt et', '1992-06-18', 126, '2024-10-09 06:21:32', '2024-10-09 06:21:32'),
(801, 47, 41, 'esse eos iure', '1980-12-08', 145, '2024-10-09 06:21:32', '2024-10-09 06:21:32'),
(802, 74, 50, 'magnam hic dolores', '2001-01-25', 57, '2024-10-09 06:21:32', '2024-10-09 06:21:32'),
(803, 74, 10, 'amet dolorem id', '2007-07-13', 15, '2024-10-09 06:21:32', '2024-10-09 06:21:32'),
(804, 85, 81, 'tenetur mollitia nam', '2019-03-03', 105, '2024-10-09 06:21:32', '2024-10-09 06:21:32'),
(805, 91, 93, 'doloremque adipisci assumenda', '2014-08-17', 150, '2024-10-09 06:21:32', '2024-10-09 06:21:32'),
(806, 34, 84, 'tempore est dolor', '1990-06-30', 64, '2024-10-09 06:21:32', '2024-10-09 06:21:32'),
(807, 21, 5, 'voluptas vero cum', '2008-11-28', 3, '2024-10-09 06:21:32', '2024-10-09 06:21:32'),
(808, 68, 77, 'ut modi consequatur', '1977-04-12', 39, '2024-10-09 06:21:32', '2024-10-09 06:21:32'),
(809, 62, 66, 'ullam corporis corrupti', '1994-05-18', 149, '2024-10-09 06:21:32', '2024-10-09 06:21:32'),
(810, 29, 49, 'voluptatem nam nulla', '1982-11-01', 72, '2024-10-09 06:21:32', '2024-10-09 06:21:32'),
(811, 59, 25, 'omnis in quae', '1985-03-18', 8, '2024-10-09 06:21:32', '2024-10-09 06:21:32'),
(812, 71, 28, 'esse velit inventore', '1992-03-01', 56, '2024-10-09 06:21:32', '2024-10-09 06:21:32'),
(813, 6, 18, 'est qui quo', '1981-04-15', 41, '2024-10-09 06:21:32', '2024-10-09 06:21:32'),
(814, 19, 15, 'iusto autem inventore', '1980-10-02', 137, '2024-10-09 06:21:32', '2024-10-09 06:21:32'),
(815, 15, 20, 'rerum sunt molestiae', '2004-08-25', 184, '2024-10-09 06:21:32', '2024-10-09 06:21:32'),
(816, 83, 97, 'culpa sit voluptatibus', '1978-01-07', 81, '2024-10-09 06:21:32', '2024-10-09 06:21:32'),
(817, 4, 88, 'officia dolore debitis', '1977-09-12', 78, '2024-10-09 06:21:32', '2024-10-09 06:21:32'),
(818, 10, 36, 'vel quia nam', '2014-02-20', 71, '2024-10-09 06:21:32', '2024-10-09 06:21:32'),
(819, 36, 55, 'facilis assumenda quaerat', '1975-01-18', 94, '2024-10-09 06:21:32', '2024-10-09 06:21:32'),
(820, 92, 89, 'quia nihil maxime', '1976-03-02', 86, '2024-10-09 06:21:32', '2024-10-09 06:21:32'),
(821, 86, 22, 'laboriosam et quasi', '1980-01-24', 15, '2024-10-09 06:21:32', '2024-10-09 06:21:32'),
(822, 73, 41, 'rerum velit nihil', '1977-06-06', 62, '2024-10-09 06:21:32', '2024-10-09 06:21:32'),
(823, 85, 50, 'iste quibusdam earum', '1980-12-13', 133, '2024-10-09 06:21:32', '2024-10-09 06:21:32'),
(824, 8, 63, 'labore eos deleniti', '1970-01-25', 66, '2024-10-09 06:21:32', '2024-10-09 06:21:32'),
(825, 59, 18, 'nulla dolorum similique', '1987-06-10', 18, '2024-10-09 06:21:32', '2024-10-09 06:21:32'),
(826, 75, 2, 'eos cum molestiae', '1975-10-08', 43, '2024-10-09 06:21:32', '2024-10-09 06:21:32'),
(827, 35, 63, 'enim doloribus asperiores', '2007-09-11', 45, '2024-10-09 06:21:32', '2024-10-09 06:21:32'),
(828, 93, 68, 'sit facilis cumque', '1992-12-14', 99, '2024-10-09 06:21:33', '2024-10-09 06:21:33'),
(829, 48, 23, 'corrupti qui officia', '1985-08-19', 191, '2024-10-09 06:21:33', '2024-10-09 06:21:33'),
(830, 74, 25, 'dolorem et porro', '1995-01-26', 126, '2024-10-09 06:21:33', '2024-10-09 06:21:33'),
(831, 6, 69, 'laborum distinctio aut', '1984-11-16', 139, '2024-10-09 06:21:33', '2024-10-09 06:21:33'),
(832, 97, 3, 'eum doloremque nam', '2002-12-31', 90, '2024-10-09 06:21:33', '2024-10-09 06:21:33'),
(833, 37, 19, 'est tempora dolorem', '1974-03-01', 166, '2024-10-09 06:21:33', '2024-10-09 06:21:33'),
(834, 87, 13, 'molestias voluptas iste', '2024-03-28', 56, '2024-10-09 06:21:33', '2024-10-09 06:21:33'),
(835, 26, 31, 'qui qui aperiam', '1995-05-26', 15, '2024-10-09 06:21:33', '2024-10-09 06:21:33'),
(836, 98, 32, 'recusandae qui quos', '1978-09-02', 58, '2024-10-09 06:21:33', '2024-10-09 06:21:33'),
(837, 74, 72, 'modi debitis esse', '1976-05-06', 126, '2024-10-09 06:21:33', '2024-10-09 06:21:33'),
(838, 33, 58, 'earum sunt eius', '2011-11-30', 175, '2024-10-09 06:21:33', '2024-10-09 06:21:33'),
(839, 55, 20, 'voluptatem aut sunt', '2021-06-20', 93, '2024-10-09 06:21:33', '2024-10-09 06:21:33'),
(840, 56, 79, 'voluptatem iure consequatur', '2020-06-20', 135, '2024-10-09 06:21:33', '2024-10-09 06:21:33'),
(841, 74, 90, 'ut adipisci rerum', '1974-09-18', 1, '2024-10-09 06:21:33', '2024-10-09 06:21:33'),
(842, 45, 1, 'vel vel sit', '2018-04-18', 200, '2024-10-09 06:21:33', '2024-10-09 06:21:33'),
(843, 84, 15, 'et officia exercitationem', '2019-08-04', 133, '2024-10-09 06:21:33', '2024-10-09 06:21:33'),
(844, 88, 2, 'aperiam officia quia', '1996-06-29', 53, '2024-10-09 06:21:33', '2024-10-09 06:21:33'),
(845, 67, 59, 'iste fugiat qui', '2010-03-24', 106, '2024-10-09 06:21:33', '2024-10-09 06:21:33'),
(846, 9, 78, 'voluptas quo aperiam', '2017-07-11', 170, '2024-10-09 06:21:33', '2024-10-09 06:21:33'),
(847, 88, 84, 'id alias voluptatem', '2015-04-03', 37, '2024-10-09 06:21:33', '2024-10-09 06:21:33'),
(848, 41, 80, 'voluptatibus doloremque facere', '1995-08-23', 189, '2024-10-09 06:21:33', '2024-10-09 06:21:33'),
(849, 92, 32, 'quis et voluptas', '2000-12-19', 31, '2024-10-09 06:21:33', '2024-10-09 06:21:33'),
(850, 46, 94, 'enim nemo nihil', '1982-07-03', 110, '2024-10-09 06:21:33', '2024-10-09 06:21:33'),
(851, 45, 38, 'quo omnis pariatur', '2019-07-10', 16, '2024-10-09 06:21:33', '2024-10-09 06:21:33'),
(852, 99, 5, 'qui illum ut', '1995-03-21', 73, '2024-10-09 06:21:33', '2024-10-09 06:21:33'),
(853, 2, 72, 'ut velit nesciunt', '2017-08-28', 163, '2024-10-09 06:21:33', '2024-10-09 06:21:33'),
(854, 43, 98, 'est deserunt aut', '1973-03-13', 171, '2024-10-09 06:21:33', '2024-10-09 06:21:33'),
(855, 70, 67, 'est repellendus doloremque', '2016-08-26', 158, '2024-10-09 06:21:33', '2024-10-09 06:21:33'),
(856, 32, 47, 'consectetur qui tempora', '2016-06-04', 58, '2024-10-09 06:21:33', '2024-10-09 06:21:33'),
(857, 70, 48, 'libero eum nemo', '1980-01-04', 159, '2024-10-09 06:21:33', '2024-10-09 06:21:33'),
(858, 47, 46, 'blanditiis similique et', '1971-09-18', 135, '2024-10-09 06:21:33', '2024-10-09 06:21:33'),
(859, 85, 16, 'accusantium aut repellendus', '2003-05-07', 44, '2024-10-09 06:21:33', '2024-10-09 06:21:33'),
(860, 18, 87, 'eum deleniti ut', '1974-11-14', 178, '2024-10-09 06:21:33', '2024-10-09 06:21:33'),
(861, 99, 28, 'natus et impedit', '1970-02-22', 127, '2024-10-09 06:21:33', '2024-10-09 06:21:33'),
(862, 39, 38, 'error fuga dolor', '2019-04-24', 30, '2024-10-09 06:21:33', '2024-10-09 06:21:33'),
(863, 93, 28, 'eius qui voluptatem', '2005-03-18', 131, '2024-10-09 06:21:33', '2024-10-09 06:21:33'),
(864, 37, 99, 'quaerat nisi facilis', '2006-02-19', 105, '2024-10-09 06:21:33', '2024-10-09 06:21:33'),
(865, 36, 2, 'commodi quam quia', '1986-03-24', 81, '2024-10-09 06:21:33', '2024-10-09 06:21:33'),
(866, 47, 86, 'magnam quidem aut', '1990-04-19', 65, '2024-10-09 06:21:33', '2024-10-09 06:21:33'),
(867, 36, 2, 'sed ut provident', '1972-09-03', 117, '2024-10-09 06:21:33', '2024-10-09 06:21:33'),
(868, 60, 23, 'quo ipsam dolor', '2001-07-06', 178, '2024-10-09 06:21:33', '2024-10-09 06:21:33'),
(869, 94, 84, 'quia tempora sed', '1982-05-31', 14, '2024-10-09 06:21:33', '2024-10-09 06:21:33'),
(870, 79, 70, 'ducimus laboriosam voluptates', '1996-07-08', 185, '2024-10-09 06:21:33', '2024-10-09 06:21:33'),
(871, 94, 60, 'officia optio et', '1996-01-14', 142, '2024-10-09 06:21:33', '2024-10-09 06:21:33'),
(872, 99, 87, 'inventore ea rem', '1981-07-31', 69, '2024-10-09 06:21:33', '2024-10-09 06:21:33'),
(873, 3, 17, 'est odit veniam', '1970-05-06', 155, '2024-10-09 06:21:33', '2024-10-09 06:21:33'),
(874, 65, 22, 'odit temporibus eos', '1995-11-07', 137, '2024-10-09 06:21:33', '2024-10-09 06:21:33'),
(875, 58, 54, 'iste neque voluptatibus', '2017-09-26', 132, '2024-10-09 06:21:33', '2024-10-09 06:21:33'),
(876, 16, 61, 'exercitationem ut repudiandae', '1984-02-01', 148, '2024-10-09 06:21:33', '2024-10-09 06:21:33'),
(877, 25, 6, 'similique similique recusandae', '2006-11-12', 97, '2024-10-09 06:21:33', '2024-10-09 06:21:33'),
(878, 32, 41, 'nihil eos quia', '1981-11-05', 90, '2024-10-09 06:21:33', '2024-10-09 06:21:33'),
(879, 32, 49, 'aperiam at qui', '2017-09-13', 182, '2024-10-09 06:21:33', '2024-10-09 06:21:33'),
(880, 39, 44, 'quas quae rem', '2018-05-14', 156, '2024-10-09 06:21:33', '2024-10-09 06:21:33'),
(881, 95, 35, 'laudantium assumenda odio', '1997-03-18', 1, '2024-10-09 06:21:33', '2024-10-09 06:21:33'),
(882, 23, 46, 'ipsam praesentium ratione', '2002-11-27', 158, '2024-10-09 06:21:33', '2024-10-09 06:21:33'),
(883, 39, 25, 'eos illo quaerat', '1986-07-18', 83, '2024-10-09 06:21:33', '2024-10-09 06:21:33'),
(884, 60, 39, 'qui dolor blanditiis', '1970-11-20', 111, '2024-10-09 06:21:33', '2024-10-09 06:21:33'),
(885, 86, 35, 'aperiam iusto veritatis', '1985-07-10', 182, '2024-10-09 06:21:33', '2024-10-09 06:21:33'),
(886, 4, 68, 'possimus eos rerum', '1972-06-02', 116, '2024-10-09 06:21:33', '2024-10-09 06:21:33'),
(887, 83, 72, 'pariatur eveniet voluptate', '2014-05-16', 81, '2024-10-09 06:21:33', '2024-10-09 06:21:33'),
(888, 46, 27, 'voluptatem est et', '2015-02-25', 138, '2024-10-09 06:21:33', '2024-10-09 06:21:33'),
(889, 89, 13, 'velit blanditiis accusamus', '2015-08-26', 108, '2024-10-09 06:21:33', '2024-10-09 06:21:33'),
(890, 94, 66, 'illo nemo ut', '1995-08-23', 156, '2024-10-09 06:21:33', '2024-10-09 06:21:33'),
(891, 4, 84, 'et saepe error', '1976-09-04', 154, '2024-10-09 06:21:33', '2024-10-09 06:21:33'),
(892, 63, 57, 'impedit ut quibusdam', '2022-02-23', 27, '2024-10-09 06:21:33', '2024-10-09 06:21:33'),
(893, 36, 61, 'culpa officiis vero', '1995-03-23', 5, '2024-10-09 06:21:33', '2024-10-09 06:21:33'),
(894, 10, 80, 'fuga ut voluptate', '2023-12-02', 11, '2024-10-09 06:21:33', '2024-10-09 06:21:33'),
(895, 66, 83, 'fuga similique vel', '1999-05-24', 58, '2024-10-09 06:21:33', '2024-10-09 06:21:33'),
(896, 58, 83, 'totam dolor reprehenderit', '2010-03-23', 73, '2024-10-09 06:21:33', '2024-10-09 06:21:33'),
(897, 41, 46, 'qui illo cum', '2024-06-23', 156, '2024-10-09 06:21:33', '2024-10-09 06:21:33'),
(898, 73, 19, 'qui sed rerum', '1994-01-18', 14, '2024-10-09 06:21:34', '2024-10-09 06:21:34'),
(899, 8, 52, 'magni excepturi voluptatem', '1990-06-09', 65, '2024-10-09 06:21:34', '2024-10-09 06:21:34'),
(900, 68, 83, 'voluptate ut ut', '1987-03-31', 28, '2024-10-09 06:21:34', '2024-10-09 06:21:34'),
(901, 99, 92, 'reprehenderit sint incidunt', '2009-10-03', 89, '2024-10-09 06:21:34', '2024-10-09 06:21:34'),
(902, 31, 36, 'sit et autem', '2000-03-25', 84, '2024-10-09 06:21:34', '2024-10-09 06:21:34'),
(903, 29, 38, 'totam ut perspiciatis', '1973-03-20', 66, '2024-10-09 06:21:34', '2024-10-09 06:21:34'),
(904, 29, 58, 'vel quia voluptatem', '1974-02-07', 50, '2024-10-09 06:21:34', '2024-10-09 06:21:34'),
(905, 71, 79, 'quae esse architecto', '1998-07-30', 192, '2024-10-09 06:21:34', '2024-10-09 06:21:34'),
(906, 93, 36, 'esse excepturi ut', '2014-01-14', 174, '2024-10-09 06:21:34', '2024-10-09 06:21:34'),
(907, 23, 84, 'fugit aut est', '1976-09-12', 155, '2024-10-09 06:21:34', '2024-10-09 06:21:34'),
(908, 9, 18, 'sit voluptatem in', '2002-07-30', 29, '2024-10-09 06:21:34', '2024-10-09 06:21:34'),
(909, 50, 95, 'cupiditate ad consequuntur', '2008-03-08', 77, '2024-10-09 06:21:34', '2024-10-09 06:21:34'),
(910, 61, 18, 'velit vel est', '2004-04-07', 79, '2024-10-09 06:21:34', '2024-10-09 06:21:34'),
(911, 76, 27, 'suscipit itaque porro', '2022-10-29', 71, '2024-10-09 06:21:34', '2024-10-09 06:21:34'),
(912, 70, 64, 'dolore provident porro', '1991-08-22', 36, '2024-10-09 06:21:34', '2024-10-09 06:21:34'),
(913, 43, 80, 'qui ullam unde', '2017-11-12', 120, '2024-10-09 06:21:34', '2024-10-09 06:21:34'),
(914, 20, 51, 'sint optio alias', '2019-09-19', 70, '2024-10-09 06:21:34', '2024-10-09 06:21:34'),
(915, 25, 27, 'quia ratione culpa', '1981-08-16', 94, '2024-10-09 06:21:34', '2024-10-09 06:21:34'),
(916, 99, 1, 'rem illo molestias', '1975-10-28', 14, '2024-10-09 06:21:34', '2024-10-09 06:21:34'),
(917, 2, 5, 'aut nesciunt et', '1983-11-09', 114, '2024-10-09 06:21:34', '2024-10-09 06:21:34'),
(918, 22, 10, 'eos corrupti quo', '2006-05-20', 94, '2024-10-09 06:21:34', '2024-10-09 06:21:34'),
(919, 53, 96, 'aut nostrum id', '2016-05-05', 76, '2024-10-09 06:21:34', '2024-10-09 06:21:34'),
(920, 47, 14, 'repellat ex delectus', '2010-02-04', 7, '2024-10-09 06:21:34', '2024-10-09 06:21:34'),
(921, 66, 29, 'id sapiente dolore', '1992-06-26', 1, '2024-10-09 06:21:34', '2024-10-09 06:21:34'),
(922, 45, 75, 'eum consequuntur consequatur', '2008-11-06', 38, '2024-10-09 06:21:34', '2024-10-09 06:21:34'),
(923, 96, 90, 'totam optio nihil', '1992-02-14', 42, '2024-10-09 06:21:34', '2024-10-09 06:21:34'),
(924, 97, 8, 'exercitationem dignissimos quidem', '1974-10-09', 164, '2024-10-09 06:21:34', '2024-10-09 06:21:34'),
(925, 82, 61, 'laborum deserunt incidunt', '2020-11-06', 65, '2024-10-09 06:21:34', '2024-10-09 06:21:34'),
(926, 69, 51, 'qui repudiandae vitae', '2000-04-20', 151, '2024-10-09 06:21:34', '2024-10-09 06:21:34'),
(927, 9, 64, 'fugit sed blanditiis', '2005-09-23', 195, '2024-10-09 06:21:34', '2024-10-09 06:21:34'),
(928, 79, 3, 'nulla autem cupiditate', '2001-12-15', 35, '2024-10-09 06:21:34', '2024-10-09 06:21:34'),
(929, 73, 60, 'dolor enim iste', '1989-06-12', 80, '2024-10-09 06:21:34', '2024-10-09 06:21:34'),
(930, 25, 65, 'omnis eius eos', '2023-12-10', 38, '2024-10-09 06:21:34', '2024-10-09 06:21:34'),
(931, 18, 43, 'facere voluptatem ullam', '1974-05-05', 83, '2024-10-09 06:21:34', '2024-10-09 06:21:34'),
(932, 77, 80, 'est in deleniti', '1980-05-20', 140, '2024-10-09 06:21:34', '2024-10-09 06:21:34'),
(933, 93, 62, 'facere et doloremque', '1995-11-09', 92, '2024-10-09 06:21:34', '2024-10-09 06:21:34'),
(934, 78, 33, 'veniam voluptatibus autem', '1971-05-19', 101, '2024-10-09 06:21:34', '2024-10-09 06:21:34'),
(935, 65, 73, 'eum ea est', '1985-11-11', 130, '2024-10-09 06:21:34', '2024-10-09 06:21:34'),
(936, 40, 6, 'ea officia animi', '2020-08-06', 170, '2024-10-09 06:21:34', '2024-10-09 06:21:34'),
(937, 65, 12, 'rerum consequatur placeat', '1987-01-17', 20, '2024-10-09 06:21:34', '2024-10-09 06:21:34'),
(938, 56, 3, 'ut et veritatis', '2015-09-08', 148, '2024-10-09 06:21:34', '2024-10-09 06:21:34'),
(939, 71, 73, 'placeat delectus saepe', '2001-10-08', 83, '2024-10-09 06:21:34', '2024-10-09 06:21:34'),
(940, 57, 58, 'ullam esse qui', '1973-03-14', 182, '2024-10-09 06:21:34', '2024-10-09 06:21:34'),
(941, 15, 36, 'rerum et laborum', '1973-07-23', 129, '2024-10-09 06:21:34', '2024-10-09 06:21:34'),
(942, 70, 19, 'sint porro commodi', '1978-06-18', 186, '2024-10-09 06:21:34', '2024-10-09 06:21:34'),
(943, 36, 50, 'et minima aspernatur', '2001-05-18', 150, '2024-10-09 06:21:34', '2024-10-09 06:21:34'),
(944, 59, 29, 'mollitia quis consectetur', '1990-11-07', 195, '2024-10-09 06:21:34', '2024-10-09 06:21:34'),
(945, 92, 38, 'ut est debitis', '2005-11-22', 192, '2024-10-09 06:21:34', '2024-10-09 06:21:34'),
(946, 43, 101, 'culpa quis porro', '1988-10-27', 108, '2024-10-09 06:21:34', '2024-10-09 06:21:34'),
(947, 72, 3, 'sunt dignissimos quae', '2017-08-19', 68, '2024-10-09 06:21:34', '2024-10-09 06:21:34'),
(948, 20, 59, 'voluptatem sed facere', '1982-07-19', 137, '2024-10-09 06:21:34', '2024-10-09 06:21:34'),
(949, 59, 21, 'quo sint dignissimos', '1980-11-16', 176, '2024-10-09 06:21:34', '2024-10-09 06:21:34'),
(950, 62, 17, 'accusamus nostrum facere', '2022-07-17', 134, '2024-10-09 06:21:34', '2024-10-09 06:21:34'),
(951, 17, 46, 'pariatur omnis quia', '2007-01-19', 159, '2024-10-09 06:21:34', '2024-10-09 06:21:34'),
(952, 54, 4, 'et consequatur est', '1984-08-14', 127, '2024-10-09 06:21:34', '2024-10-09 06:21:34'),
(953, 79, 11, 'tempora voluptas consequatur', '2020-03-26', 75, '2024-10-09 06:21:34', '2024-10-09 06:21:34'),
(954, 51, 43, 'consequuntur id deserunt', '2018-01-13', 162, '2024-10-09 06:21:34', '2024-10-09 06:21:34'),
(955, 81, 96, 'non nesciunt omnis', '2005-07-13', 48, '2024-10-09 06:21:34', '2024-10-09 06:21:34'),
(956, 54, 47, 'ducimus voluptatem explicabo', '1998-08-23', 199, '2024-10-09 06:21:34', '2024-10-09 06:21:34'),
(957, 20, 1, 'quae sit harum', '2002-07-11', 131, '2024-10-09 06:21:34', '2024-10-09 06:21:34'),
(958, 67, 74, 'corporis aut repellendus', '1990-07-10', 185, '2024-10-09 06:21:34', '2024-10-09 06:21:34'),
(959, 83, 53, 'dignissimos nulla facere', '2008-09-20', 174, '2024-10-09 06:21:35', '2024-10-09 06:21:35'),
(960, 70, 63, 'necessitatibus sed iste', '1976-03-13', 97, '2024-10-09 06:21:35', '2024-10-09 06:21:35'),
(961, 4, 94, 'numquam quis porro', '1987-09-13', 28, '2024-10-09 06:21:35', '2024-10-09 06:21:35'),
(962, 30, 73, 'similique dolorem minima', '2012-03-28', 65, '2024-10-09 06:21:35', '2024-10-09 06:21:35'),
(963, 2, 20, 'sint esse numquam', '2008-05-03', 52, '2024-10-09 06:21:35', '2024-10-09 06:21:35'),
(964, 40, 47, 'in totam est', '2007-03-21', 77, '2024-10-09 06:21:35', '2024-10-09 06:21:35'),
(965, 50, 14, 'ea ad dolores', '1983-11-28', 33, '2024-10-09 06:21:35', '2024-10-09 06:21:35'),
(966, 27, 10, 'est excepturi voluptates', '1981-05-24', 28, '2024-10-09 06:21:35', '2024-10-09 06:21:35'),
(967, 3, 48, 'dolores repudiandae quos', '2024-07-29', 169, '2024-10-09 06:21:35', '2024-10-09 06:21:35'),
(968, 61, 68, 'corporis et voluptas', '1973-11-08', 126, '2024-10-09 06:21:35', '2024-10-09 06:21:35'),
(969, 15, 80, 'quo ab error', '1999-03-11', 73, '2024-10-09 06:21:35', '2024-10-09 06:21:35'),
(970, 91, 68, 'laboriosam et illo', '1987-08-23', 136, '2024-10-09 06:21:35', '2024-10-09 06:21:35'),
(971, 7, 4, 'explicabo sit quia', '1996-11-21', 149, '2024-10-09 06:21:35', '2024-10-09 06:21:35'),
(972, 72, 88, 'nesciunt minima mollitia', '2016-12-23', 76, '2024-10-09 06:21:35', '2024-10-09 06:21:35'),
(973, 76, 29, 'earum officiis deserunt', '1987-03-22', 128, '2024-10-09 06:21:35', '2024-10-09 06:21:35'),
(974, 62, 19, 'saepe minima sit', '2001-12-14', 20, '2024-10-09 06:21:35', '2024-10-09 06:21:35'),
(975, 93, 33, 'dolorem corrupti ad', '2007-01-29', 166, '2024-10-09 06:21:35', '2024-10-09 06:21:35'),
(976, 96, 78, 'enim perferendis atque', '1976-07-15', 99, '2024-10-09 06:21:35', '2024-10-09 06:21:35'),
(977, 86, 21, 'facere ab qui', '2015-10-22', 177, '2024-10-09 06:21:35', '2024-10-09 06:21:35'),
(978, 32, 45, 'ut eos sunt', '1981-01-18', 178, '2024-10-09 06:21:35', '2024-10-09 06:21:35'),
(979, 88, 2, 'fugit et nihil', '1975-12-13', 19, '2024-10-09 06:21:35', '2024-10-09 06:21:35'),
(980, 32, 6, 'occaecati accusamus qui', '1978-10-13', 49, '2024-10-09 06:21:35', '2024-10-09 06:21:35'),
(981, 33, 86, 'quos vitae ad', '1990-10-03', 101, '2024-10-09 06:21:35', '2024-10-09 06:21:35'),
(982, 75, 54, 'fugiat beatae sint', '2010-05-04', 185, '2024-10-09 06:21:35', '2024-10-09 06:21:35'),
(983, 28, 55, 'rerum quas molestiae', '2020-03-13', 192, '2024-10-09 06:21:35', '2024-10-09 06:21:35'),
(984, 51, 39, 'commodi ipsa sapiente', '1982-07-22', 128, '2024-10-09 06:21:35', '2024-10-09 06:21:35'),
(985, 101, 37, 'placeat iste quia', '2004-06-01', 115, '2024-10-09 06:21:35', '2024-10-09 06:21:35'),
(986, 32, 50, 'vel harum suscipit', '2005-10-13', 114, '2024-10-09 06:21:35', '2024-10-09 06:21:35'),
(987, 51, 22, 'et in ab', '1989-04-02', 91, '2024-10-09 06:21:35', '2024-10-09 06:21:35'),
(988, 9, 29, 'ad dignissimos accusamus', '2004-01-19', 120, '2024-10-09 06:21:35', '2024-10-09 06:21:35'),
(989, 4, 87, 'dicta officiis corrupti', '2009-03-16', 102, '2024-10-09 06:21:35', '2024-10-09 06:21:35'),
(990, 11, 18, 'fugit eaque quia', '2001-09-16', 157, '2024-10-09 06:21:35', '2024-10-09 06:21:35'),
(991, 76, 8, 'et rerum nostrum', '2004-12-05', 142, '2024-10-09 06:21:35', '2024-10-09 06:21:35'),
(992, 56, 78, 'nulla eos rerum', '1994-11-26', 14, '2024-10-09 06:21:35', '2024-10-09 06:21:35'),
(993, 60, 35, 'sunt inventore aut', '1972-10-26', 130, '2024-10-09 06:21:35', '2024-10-09 06:21:35'),
(994, 62, 89, 'architecto nobis corporis', '1976-04-25', 74, '2024-10-09 06:21:35', '2024-10-09 06:21:35'),
(995, 33, 24, 'beatae mollitia repellat', '2023-06-03', 130, '2024-10-09 06:21:35', '2024-10-09 06:21:35');
INSERT INTO `timesheets` (`id`, `project_id`, `user_id`, `name`, `date`, `hours`, `created_at`, `updated_at`) VALUES
(996, 24, 96, 'omnis sunt mollitia', '2005-09-26', 115, '2024-10-09 06:21:35', '2024-10-09 06:21:35'),
(997, 91, 97, 'nobis sed quibusdam', '2004-11-07', 46, '2024-10-09 06:21:35', '2024-10-09 06:21:35'),
(998, 41, 9, 'reprehenderit maxime delectus', '2013-01-17', 41, '2024-10-09 06:21:35', '2024-10-09 06:21:35'),
(999, 93, 33, 'itaque consequatur est', '2023-07-25', 196, '2024-10-09 06:21:35', '2024-10-09 06:21:35'),
(1000, 17, 1, 'quidem dolorem voluptates', '1971-04-26', 118, '2024-10-09 06:21:35', '2024-10-09 06:21:35'),
(1001, 18, 8, 'nobis explicabo repellat', '2013-10-06', 43, '2024-10-09 06:21:35', '2024-10-09 06:21:35'),
(1002, 60, 12, 'doloribus est enim', '1999-05-20', 26, '2024-10-09 06:21:35', '2024-10-09 06:21:35'),
(1003, 50, 23, 'qui qui et', '2023-03-13', 20, '2024-10-09 06:21:35', '2024-10-09 06:21:35'),
(1004, 39, 75, 'est nesciunt in', '2000-12-09', 74, '2024-10-09 06:21:35', '2024-10-09 06:21:35'),
(1005, 72, 23, 'quae harum ipsum', '2023-04-23', 174, '2024-10-09 06:21:35', '2024-10-09 06:21:35');

-- --------------------------------------------------------

--
-- Table structure for table `users`
--

CREATE TABLE `users` (
  `id` bigint(20) UNSIGNED NOT NULL,
  `email` varchar(255) NOT NULL,
  `first_name` varchar(255) NOT NULL,
  `last_name` varchar(255) NOT NULL,
  `birth_date` date NOT NULL,
  `gender` enum('male','female') NOT NULL,
  `password` varchar(255) NOT NULL,
  `email_verified_at` timestamp NULL DEFAULT NULL,
  `remember_token` varchar(100) DEFAULT NULL,
  `created_at` timestamp NULL DEFAULT NULL,
  `updated_at` timestamp NULL DEFAULT NULL
) ENGINE=InnoDB DEFAULT CHARSET=utf8mb4 COLLATE=utf8mb4_unicode_ci;

--
-- Dumping data for table `users`
--

INSERT INTO `users` (`id`, `email`, `first_name`, `last_name`, `birth_date`, `gender`, `password`, `email_verified_at`, `remember_token`, `created_at`, `updated_at`) VALUES
(1, 'test@example.com', 'Test', 'User', '1995-05-20', 'male', '$2y$12$nzUM87eLDyPcBKhzCpB4Tuh7giTPVyyVyKcbrm07nNiNarC.m.U86', NULL, NULL, '2024-10-09 06:21:19', '2024-10-09 06:21:19'),
(3, 'mdavis@example.net', 'Dr. Casper Ernser', 'Dr. Remington Halvorson I', '1971-11-29', 'female', '$2y$12$OP6cMKHmXs2y0GwO.GYwgu2yU9e6Jg25p3YBPzUowx9S25MmNp1U.', '2024-10-09 06:19:58', 'ZtfmjXEDdP', '2024-10-09 06:19:59', '2024-10-09 06:19:59'),
(4, 'deanna72@example.org', 'Marion Stoltenberg', 'Bridget Crist', '1995-05-04', 'female', '$2y$12$OP6cMKHmXs2y0GwO.GYwgu2yU9e6Jg25p3YBPzUowx9S25MmNp1U.', '2024-10-09 06:19:59', 'mKmexhqVIA', '2024-10-09 06:19:59', '2024-10-09 06:19:59'),
(5, 'sylvan.douglas@example.com', 'Tiffany McLaughlin', 'Ms. Janelle Von Sr.', '2009-09-28', 'female', '$2y$12$OP6cMKHmXs2y0GwO.GYwgu2yU9e6Jg25p3YBPzUowx9S25MmNp1U.', '2024-10-09 06:19:59', 'di4HZrNJoq', '2024-10-09 06:19:59', '2024-10-09 06:19:59'),
(6, 'rozella95@example.net', 'Ms. Ayla Parisian', 'Brain Hermann', '1998-02-06', 'female', '$2y$12$OP6cMKHmXs2y0GwO.GYwgu2yU9e6Jg25p3YBPzUowx9S25MmNp1U.', '2024-10-09 06:19:59', 'evw5ZTPIBw', '2024-10-09 06:19:59', '2024-10-09 06:19:59'),
(7, 'esther.bins@example.org', 'Dr. Eulalia Hayes', 'Margaret Bogan', '1996-04-16', 'female', '$2y$12$OP6cMKHmXs2y0GwO.GYwgu2yU9e6Jg25p3YBPzUowx9S25MmNp1U.', '2024-10-09 06:19:59', 'ER7BbTF3Dv', '2024-10-09 06:19:59', '2024-10-09 06:19:59'),
(8, 'maryse65@example.net', 'Imani O\'Kon', 'Payton Keeling V', '1975-01-09', 'male', '$2y$12$OP6cMKHmXs2y0GwO.GYwgu2yU9e6Jg25p3YBPzUowx9S25MmNp1U.', '2024-10-09 06:19:59', 'jKZVAvq6Xo', '2024-10-09 06:19:59', '2024-10-09 06:19:59'),
(9, 'augusta33@example.com', 'Krystal Dooley', 'Maggie Hermann', '1997-01-03', 'male', '$2y$12$OP6cMKHmXs2y0GwO.GYwgu2yU9e6Jg25p3YBPzUowx9S25MmNp1U.', '2024-10-09 06:19:59', '32drleo48g', '2024-10-09 06:19:59', '2024-10-09 06:19:59'),
(10, 'geichmann@example.com', 'Mr. Emmett Becker MD', 'Madelyn Emard', '1970-12-05', 'male', '$2y$12$OP6cMKHmXs2y0GwO.GYwgu2yU9e6Jg25p3YBPzUowx9S25MmNp1U.', '2024-10-09 06:19:59', 'BNR6dqmvj1', '2024-10-09 06:19:59', '2024-10-09 06:19:59'),
(11, 'ikoepp@example.com', 'Lauriane Kozey', 'Percy Cummerata V', '1985-12-27', 'female', '$2y$12$OP6cMKHmXs2y0GwO.GYwgu2yU9e6Jg25p3YBPzUowx9S25MmNp1U.', '2024-10-09 06:19:59', '5vbeQnZmoQ', '2024-10-09 06:19:59', '2024-10-09 06:19:59'),
(12, 'brandt.yundt@example.net', 'Amanda Russel', 'Prof. Ryan Effertz', '1989-08-29', 'female', '$2y$12$OP6cMKHmXs2y0GwO.GYwgu2yU9e6Jg25p3YBPzUowx9S25MmNp1U.', '2024-10-09 06:19:59', 'vTwJB9tFic', '2024-10-09 06:19:59', '2024-10-09 06:19:59'),
(13, 'sporer.damien@example.com', 'Shanel Moore', 'Georgianna Roob I', '1980-06-28', 'female', '$2y$12$OP6cMKHmXs2y0GwO.GYwgu2yU9e6Jg25p3YBPzUowx9S25MmNp1U.', '2024-10-09 06:19:59', 'qfYwU2pWtm', '2024-10-09 06:19:59', '2024-10-09 06:19:59'),
(14, 'linnie63@example.com', 'Mr. Wilton Rodriguez DDS', 'Lilliana Maggio I', '1971-05-24', 'female', '$2y$12$OP6cMKHmXs2y0GwO.GYwgu2yU9e6Jg25p3YBPzUowx9S25MmNp1U.', '2024-10-09 06:19:59', 'pnCMpeixh5', '2024-10-09 06:19:59', '2024-10-09 06:19:59'),
(15, 'jast.chad@example.net', 'Raphaelle Schultz', 'Nathanael Carroll', '1978-09-21', 'male', '$2y$12$OP6cMKHmXs2y0GwO.GYwgu2yU9e6Jg25p3YBPzUowx9S25MmNp1U.', '2024-10-09 06:19:59', 'okJY6IC0Rp', '2024-10-09 06:19:59', '2024-10-09 06:19:59'),
(16, 'johns.bart@example.org', 'Hayley Paucek', 'Vincenza McGlynn', '2017-08-17', 'male', '$2y$12$OP6cMKHmXs2y0GwO.GYwgu2yU9e6Jg25p3YBPzUowx9S25MmNp1U.', '2024-10-09 06:19:59', 'IkkuoSqgwp', '2024-10-09 06:19:59', '2024-10-09 06:19:59'),
(17, 'erika88@example.com', 'Brenda Kub I', 'Tomasa Schmidt', '2019-06-23', 'female', '$2y$12$OP6cMKHmXs2y0GwO.GYwgu2yU9e6Jg25p3YBPzUowx9S25MmNp1U.', '2024-10-09 06:19:59', 'WKR17K8LPa', '2024-10-09 06:19:59', '2024-10-09 06:19:59'),
(18, 'kris.johnson@example.org', 'Dr. Gonzalo Howe', 'Paige O\'Hara MD', '1972-10-21', 'male', '$2y$12$OP6cMKHmXs2y0GwO.GYwgu2yU9e6Jg25p3YBPzUowx9S25MmNp1U.', '2024-10-09 06:19:59', 'szdk9heLmU', '2024-10-09 06:19:59', '2024-10-09 06:19:59'),
(19, 'turner.gutkowski@example.net', 'Marietta Stamm Sr.', 'Ms. Rose Hayes II', '1972-07-10', 'male', '$2y$12$OP6cMKHmXs2y0GwO.GYwgu2yU9e6Jg25p3YBPzUowx9S25MmNp1U.', '2024-10-09 06:19:59', 'ZF4GVx8omU', '2024-10-09 06:19:59', '2024-10-09 06:19:59'),
(20, 'spinka.destin@example.com', 'Tanya Lueilwitz', 'Mrs. Hanna Friesen DDS', '2011-06-01', 'female', '$2y$12$OP6cMKHmXs2y0GwO.GYwgu2yU9e6Jg25p3YBPzUowx9S25MmNp1U.', '2024-10-09 06:19:59', 'OeJx4zNX2w', '2024-10-09 06:19:59', '2024-10-09 06:19:59'),
(21, 'cruickshank.assunta@example.com', 'Marlene Stokes', 'Prof. Otho Bernier', '2015-06-02', 'female', '$2y$12$OP6cMKHmXs2y0GwO.GYwgu2yU9e6Jg25p3YBPzUowx9S25MmNp1U.', '2024-10-09 06:19:59', 'CeHM9SInaC', '2024-10-09 06:19:59', '2024-10-09 06:19:59'),
(22, 'lorna97@example.org', 'Matilde Mante Jr.', 'Dell Powlowski', '1975-01-12', 'female', '$2y$12$OP6cMKHmXs2y0GwO.GYwgu2yU9e6Jg25p3YBPzUowx9S25MmNp1U.', '2024-10-09 06:19:59', 'qDS4XP1nM1', '2024-10-09 06:19:59', '2024-10-09 06:19:59'),
(23, 'sierra79@example.org', 'Dr. Demario Kautzer V', 'Prof. Kailyn Turner IV', '1983-09-09', 'male', '$2y$12$OP6cMKHmXs2y0GwO.GYwgu2yU9e6Jg25p3YBPzUowx9S25MmNp1U.', '2024-10-09 06:19:59', 'ut8ODABssf', '2024-10-09 06:19:59', '2024-10-09 06:19:59'),
(24, 'renner.jermaine@example.com', 'Edythe Goodwin', 'Tia Thiel Jr.', '1981-01-27', 'male', '$2y$12$OP6cMKHmXs2y0GwO.GYwgu2yU9e6Jg25p3YBPzUowx9S25MmNp1U.', '2024-10-09 06:19:59', 'ouWtu3bdVh', '2024-10-09 06:19:59', '2024-10-09 06:19:59'),
(25, 'bruen.vita@example.net', 'Adah Moore', 'Prof. Therese Oberbrunner', '2018-11-20', 'female', '$2y$12$OP6cMKHmXs2y0GwO.GYwgu2yU9e6Jg25p3YBPzUowx9S25MmNp1U.', '2024-10-09 06:19:59', 'G4nmlxuSJj', '2024-10-09 06:19:59', '2024-10-09 06:19:59'),
(26, 'njacobi@example.net', 'Hailie Bauch', 'Clementine Wilkinson', '2006-07-18', 'female', '$2y$12$OP6cMKHmXs2y0GwO.GYwgu2yU9e6Jg25p3YBPzUowx9S25MmNp1U.', '2024-10-09 06:19:59', 'xVhNx8sHYi', '2024-10-09 06:19:59', '2024-10-09 06:19:59'),
(27, 'euna08@example.com', 'Dr. Judah Fadel', 'Mr. Carmine Conn I', '2011-11-17', 'female', '$2y$12$OP6cMKHmXs2y0GwO.GYwgu2yU9e6Jg25p3YBPzUowx9S25MmNp1U.', '2024-10-09 06:19:59', 'PwQx9LqsUa', '2024-10-09 06:19:59', '2024-10-09 06:19:59'),
(28, 'kattie25@example.com', 'Arely Johns', 'Lorine Mertz', '1999-10-29', 'male', '$2y$12$OP6cMKHmXs2y0GwO.GYwgu2yU9e6Jg25p3YBPzUowx9S25MmNp1U.', '2024-10-09 06:19:59', 'DtBicDEwoP', '2024-10-09 06:19:59', '2024-10-09 06:19:59'),
(29, 'powlowski.claude@example.com', 'Kayla Pfannerstill', 'Hershel Pacocha', '2012-05-20', 'male', '$2y$12$OP6cMKHmXs2y0GwO.GYwgu2yU9e6Jg25p3YBPzUowx9S25MmNp1U.', '2024-10-09 06:19:59', 'QsL7E0zVFn', '2024-10-09 06:19:59', '2024-10-09 06:19:59'),
(30, 'taurean59@example.org', 'Isac Glover', 'Alda D\'Amore', '1986-07-05', 'male', '$2y$12$OP6cMKHmXs2y0GwO.GYwgu2yU9e6Jg25p3YBPzUowx9S25MmNp1U.', '2024-10-09 06:19:59', 'oDF6CQworm', '2024-10-09 06:19:59', '2024-10-09 06:19:59'),
(31, 'hbalistreri@example.org', 'Wilford Armstrong Jr.', 'Mr. Scotty Kemmer', '1987-12-24', 'male', '$2y$12$OP6cMKHmXs2y0GwO.GYwgu2yU9e6Jg25p3YBPzUowx9S25MmNp1U.', '2024-10-09 06:19:59', 'vNDEl5WTfC', '2024-10-09 06:19:59', '2024-10-09 06:19:59'),
(32, 'marion67@example.com', 'Justine Emmerich', 'Shayne Ebert', '1975-08-25', 'female', '$2y$12$OP6cMKHmXs2y0GwO.GYwgu2yU9e6Jg25p3YBPzUowx9S25MmNp1U.', '2024-10-09 06:19:59', 'FDYNoH5nZy', '2024-10-09 06:19:59', '2024-10-09 06:19:59'),
(33, 'heaney.osborne@example.org', 'Miss Bianka Predovic', 'Maeve Stiedemann', '2003-01-07', 'male', '$2y$12$OP6cMKHmXs2y0GwO.GYwgu2yU9e6Jg25p3YBPzUowx9S25MmNp1U.', '2024-10-09 06:19:59', '5LChyuP3vF', '2024-10-09 06:20:00', '2024-10-09 06:20:00'),
(34, 'emmerich.graham@example.org', 'Mr. Turner Monahan DDS', 'D\'angelo Considine Sr.', '1988-01-01', 'male', '$2y$12$OP6cMKHmXs2y0GwO.GYwgu2yU9e6Jg25p3YBPzUowx9S25MmNp1U.', '2024-10-09 06:19:59', 'LRhJSuu8jq', '2024-10-09 06:20:00', '2024-10-09 06:20:00'),
(35, 'alden.eichmann@example.net', 'Grover Ratke', 'Prof. Evans Rolfson MD', '1977-05-27', 'male', '$2y$12$OP6cMKHmXs2y0GwO.GYwgu2yU9e6Jg25p3YBPzUowx9S25MmNp1U.', '2024-10-09 06:19:59', '5Z9DAcA14Y', '2024-10-09 06:20:00', '2024-10-09 06:20:00'),
(36, 'aheidenreich@example.net', 'Adrian Ankunding', 'Kyler Pacocha', '1977-08-20', 'female', '$2y$12$OP6cMKHmXs2y0GwO.GYwgu2yU9e6Jg25p3YBPzUowx9S25MmNp1U.', '2024-10-09 06:19:59', 'D8DheqzNCw', '2024-10-09 06:20:00', '2024-10-09 06:20:00'),
(37, 'grussel@example.com', 'Miss Roma Thompson', 'Shany Murphy Sr.', '1991-04-17', 'female', '$2y$12$OP6cMKHmXs2y0GwO.GYwgu2yU9e6Jg25p3YBPzUowx9S25MmNp1U.', '2024-10-09 06:19:59', 'HL53OqTCFv', '2024-10-09 06:20:00', '2024-10-09 06:20:00'),
(38, 'selena74@example.org', 'Miss Daphnee Kozey MD', 'Bo Rosenbaum', '1979-04-13', 'female', '$2y$12$OP6cMKHmXs2y0GwO.GYwgu2yU9e6Jg25p3YBPzUowx9S25MmNp1U.', '2024-10-09 06:19:59', 'mWrntge3Tc', '2024-10-09 06:20:00', '2024-10-09 06:20:00'),
(39, 'rodriguez.emery@example.com', 'Prof. Callie Kautzer', 'Miss Meggie Romaguera I', '2005-12-18', 'male', '$2y$12$OP6cMKHmXs2y0GwO.GYwgu2yU9e6Jg25p3YBPzUowx9S25MmNp1U.', '2024-10-09 06:19:59', 'xHmvfTFGbh', '2024-10-09 06:20:00', '2024-10-09 06:20:00'),
(40, 'skylar.mohr@example.com', 'Austyn Emard IV', 'Mr. Rowan Ankunding MD', '2016-11-08', 'female', '$2y$12$OP6cMKHmXs2y0GwO.GYwgu2yU9e6Jg25p3YBPzUowx9S25MmNp1U.', '2024-10-09 06:19:59', 'clvoVVsDdp', '2024-10-09 06:20:00', '2024-10-09 06:20:00'),
(41, 'polly36@example.org', 'Danny Boyer', 'Miss Chaya Breitenberg IV', '2015-10-19', 'male', '$2y$12$OP6cMKHmXs2y0GwO.GYwgu2yU9e6Jg25p3YBPzUowx9S25MmNp1U.', '2024-10-09 06:19:59', 'mj929wacLK', '2024-10-09 06:20:00', '2024-10-09 06:20:00'),
(42, 'freinger@example.org', 'Morton Strosin', 'Prof. Elaina Kilback', '2005-08-19', 'male', '$2y$12$OP6cMKHmXs2y0GwO.GYwgu2yU9e6Jg25p3YBPzUowx9S25MmNp1U.', '2024-10-09 06:19:59', '6guqe142Zh', '2024-10-09 06:20:01', '2024-10-09 06:20:01'),
(43, 'ansley.legros@example.com', 'Rickey Runolfsson Sr.', 'Sierra Ruecker', '1974-09-01', 'female', '$2y$12$OP6cMKHmXs2y0GwO.GYwgu2yU9e6Jg25p3YBPzUowx9S25MmNp1U.', '2024-10-09 06:19:59', 'THEFL0xKmx', '2024-10-09 06:20:01', '2024-10-09 06:20:01'),
(44, 'imani15@example.net', 'Wilfred Tromp Sr.', 'Gino Bailey', '1998-10-14', 'female', '$2y$12$OP6cMKHmXs2y0GwO.GYwgu2yU9e6Jg25p3YBPzUowx9S25MmNp1U.', '2024-10-09 06:19:59', '4dAnmu5U9k', '2024-10-09 06:20:01', '2024-10-09 06:20:01'),
(45, 'dubuque.abigale@example.com', 'Dr. Haskell Kirlin II', 'Gerardo Langworth', '2002-12-24', 'female', '$2y$12$OP6cMKHmXs2y0GwO.GYwgu2yU9e6Jg25p3YBPzUowx9S25MmNp1U.', '2024-10-09 06:19:59', 'azChTOeDFZ', '2024-10-09 06:20:01', '2024-10-09 06:20:01'),
(46, 'kessler.allene@example.net', 'Hans Feil', 'Rodrick Conroy V', '1973-04-08', 'male', '$2y$12$OP6cMKHmXs2y0GwO.GYwgu2yU9e6Jg25p3YBPzUowx9S25MmNp1U.', '2024-10-09 06:19:59', 'RPvsyGrOij', '2024-10-09 06:20:01', '2024-10-09 06:20:01'),
(47, 'valentine.beer@example.org', 'Minerva Vandervort DDS', 'Zora Nikolaus', '1994-09-06', 'female', '$2y$12$OP6cMKHmXs2y0GwO.GYwgu2yU9e6Jg25p3YBPzUowx9S25MmNp1U.', '2024-10-09 06:19:59', 'IkeIAqFg3b', '2024-10-09 06:20:01', '2024-10-09 06:20:01'),
(48, 'dbarton@example.net', 'Louvenia Reynolds III', 'Lawrence Padberg', '1982-05-18', 'male', '$2y$12$OP6cMKHmXs2y0GwO.GYwgu2yU9e6Jg25p3YBPzUowx9S25MmNp1U.', '2024-10-09 06:19:59', '508BbllV8X', '2024-10-09 06:20:01', '2024-10-09 06:20:01'),
(49, 'constantin.howe@example.org', 'Audrey Lindgren', 'Dr. Misael Metz', '1985-12-21', 'male', '$2y$12$OP6cMKHmXs2y0GwO.GYwgu2yU9e6Jg25p3YBPzUowx9S25MmNp1U.', '2024-10-09 06:19:59', '1AKNA0ff8Q', '2024-10-09 06:20:01', '2024-10-09 06:20:01'),
(50, 'metz.conor@example.com', 'Freeman Rutherford', 'Neoma Donnelly', '2001-04-23', 'male', '$2y$12$OP6cMKHmXs2y0GwO.GYwgu2yU9e6Jg25p3YBPzUowx9S25MmNp1U.', '2024-10-09 06:19:59', 'ykJ5CgNnSl', '2024-10-09 06:20:01', '2024-10-09 06:20:01'),
(51, 'chase58@example.org', 'Kane Kohler', 'Zella Feil', '1985-08-01', 'female', '$2y$12$OP6cMKHmXs2y0GwO.GYwgu2yU9e6Jg25p3YBPzUowx9S25MmNp1U.', '2024-10-09 06:19:59', 'LIIUPEBh8g', '2024-10-09 06:20:01', '2024-10-09 06:20:01'),
(52, 'dare.benjamin@example.net', 'Prof. Merritt Fay V', 'Neal Collins IV', '2009-01-24', 'female', '$2y$12$OP6cMKHmXs2y0GwO.GYwgu2yU9e6Jg25p3YBPzUowx9S25MmNp1U.', '2024-10-09 06:19:59', '7xLw5Gi6t5', '2024-10-09 06:20:01', '2024-10-09 06:20:01'),
(53, 'jhagenes@example.com', 'Providenci Rice', 'Elisa Schmidt', '1970-09-01', 'male', '$2y$12$OP6cMKHmXs2y0GwO.GYwgu2yU9e6Jg25p3YBPzUowx9S25MmNp1U.', '2024-10-09 06:19:59', '7NDsW7Fx6Z', '2024-10-09 06:20:01', '2024-10-09 06:20:01'),
(54, 'zpfannerstill@example.com', 'Velda Hirthe', 'Dr. Roscoe Aufderhar', '2014-03-15', 'female', '$2y$12$OP6cMKHmXs2y0GwO.GYwgu2yU9e6Jg25p3YBPzUowx9S25MmNp1U.', '2024-10-09 06:19:59', '9Xkhql7Uxn', '2024-10-09 06:20:01', '2024-10-09 06:20:01'),
(55, 'dickens.carleton@example.com', 'Elissa Bashirian', 'Heather Casper', '1981-12-11', 'female', '$2y$12$OP6cMKHmXs2y0GwO.GYwgu2yU9e6Jg25p3YBPzUowx9S25MmNp1U.', '2024-10-09 06:19:59', 'DFDD9ChBJM', '2024-10-09 06:20:01', '2024-10-09 06:20:01'),
(56, 'jesse.west@example.com', 'Adelbert O\'Kon', 'Prof. Layne Torp', '1987-05-19', 'female', '$2y$12$OP6cMKHmXs2y0GwO.GYwgu2yU9e6Jg25p3YBPzUowx9S25MmNp1U.', '2024-10-09 06:19:59', 'MUPjWw14fj', '2024-10-09 06:20:01', '2024-10-09 06:20:01'),
(57, 'fquitzon@example.net', 'Reva Keebler', 'Daisha Ortiz', '1993-08-20', 'female', '$2y$12$OP6cMKHmXs2y0GwO.GYwgu2yU9e6Jg25p3YBPzUowx9S25MmNp1U.', '2024-10-09 06:19:59', 'gPiKMaITAD', '2024-10-09 06:20:01', '2024-10-09 06:20:01'),
(58, 'yschumm@example.org', 'Dr. Chadrick Schiller Sr.', 'Adriana Simonis', '1988-05-18', 'female', '$2y$12$OP6cMKHmXs2y0GwO.GYwgu2yU9e6Jg25p3YBPzUowx9S25MmNp1U.', '2024-10-09 06:19:59', '557f2ICVfc', '2024-10-09 06:20:01', '2024-10-09 06:20:01'),
(59, 'noemie55@example.com', 'Missouri Dooley', 'Al Harvey', '2020-01-29', 'female', '$2y$12$OP6cMKHmXs2y0GwO.GYwgu2yU9e6Jg25p3YBPzUowx9S25MmNp1U.', '2024-10-09 06:19:59', 'AC1wt3LdV2', '2024-10-09 06:20:01', '2024-10-09 06:20:01'),
(60, 'quigley.zula@example.com', 'Eleanora Jaskolski IV', 'Mr. Rogelio Konopelski Jr.', '1979-03-06', 'male', '$2y$12$OP6cMKHmXs2y0GwO.GYwgu2yU9e6Jg25p3YBPzUowx9S25MmNp1U.', '2024-10-09 06:19:59', 'metm7GFmRN', '2024-10-09 06:20:01', '2024-10-09 06:20:01'),
(61, 'delores21@example.net', 'Haskell Bartoletti PhD', 'Dana Wilkinson', '2001-05-25', 'male', '$2y$12$OP6cMKHmXs2y0GwO.GYwgu2yU9e6Jg25p3YBPzUowx9S25MmNp1U.', '2024-10-09 06:19:59', '45GgmTgvDr', '2024-10-09 06:20:01', '2024-10-09 06:20:01'),
(62, 'dare.emilio@example.com', 'Amari Langosh', 'Dr. Eugene Hermiston IV', '1973-08-28', 'male', '$2y$12$OP6cMKHmXs2y0GwO.GYwgu2yU9e6Jg25p3YBPzUowx9S25MmNp1U.', '2024-10-09 06:19:59', '09vzd50If8', '2024-10-09 06:20:01', '2024-10-09 06:20:01'),
(63, 'watsica.willa@example.com', 'Alexandria Legros', 'Zane Raynor', '1992-02-27', 'male', '$2y$12$OP6cMKHmXs2y0GwO.GYwgu2yU9e6Jg25p3YBPzUowx9S25MmNp1U.', '2024-10-09 06:19:59', 'yqYlACgVUm', '2024-10-09 06:20:01', '2024-10-09 06:20:01'),
(64, 'lfriesen@example.org', 'Ward Kreiger', 'Kurt Kovacek', '1993-09-29', 'male', '$2y$12$OP6cMKHmXs2y0GwO.GYwgu2yU9e6Jg25p3YBPzUowx9S25MmNp1U.', '2024-10-09 06:19:59', 'rZ60kYgVeI', '2024-10-09 06:20:01', '2024-10-09 06:20:01'),
(65, 'carolina.mohr@example.com', 'Bella Jerde', 'Marianna Gaylord', '1991-03-07', 'female', '$2y$12$OP6cMKHmXs2y0GwO.GYwgu2yU9e6Jg25p3YBPzUowx9S25MmNp1U.', '2024-10-09 06:19:59', 'LFtVIYEmuW', '2024-10-09 06:20:01', '2024-10-09 06:20:01'),
(66, 'zhessel@example.net', 'Dr. Roderick Schamberger', 'Gia Stokes IV', '1981-04-08', 'male', '$2y$12$OP6cMKHmXs2y0GwO.GYwgu2yU9e6Jg25p3YBPzUowx9S25MmNp1U.', '2024-10-09 06:19:59', 'Y2jO1QGWkP', '2024-10-09 06:20:01', '2024-10-09 06:20:01'),
(67, 'blanda.hershel@example.net', 'Eli Koepp', 'Buck Miller', '2024-02-20', 'female', '$2y$12$OP6cMKHmXs2y0GwO.GYwgu2yU9e6Jg25p3YBPzUowx9S25MmNp1U.', '2024-10-09 06:19:59', 'rZJL95o36W', '2024-10-09 06:20:01', '2024-10-09 06:20:01'),
(68, 'mariah52@example.com', 'Ari Wuckert', 'Reginald Okuneva', '2010-01-30', 'male', '$2y$12$OP6cMKHmXs2y0GwO.GYwgu2yU9e6Jg25p3YBPzUowx9S25MmNp1U.', '2024-10-09 06:19:59', 'smmxVa2oul', '2024-10-09 06:20:01', '2024-10-09 06:20:01'),
(69, 'ambrose.collier@example.org', 'Jason Tremblay', 'Colin Breitenberg', '1989-09-13', 'male', '$2y$12$OP6cMKHmXs2y0GwO.GYwgu2yU9e6Jg25p3YBPzUowx9S25MmNp1U.', '2024-10-09 06:19:59', 'OdSGoBD4jG', '2024-10-09 06:20:01', '2024-10-09 06:20:01'),
(70, 'ecrona@example.org', 'Dr. Isac Herman', 'Althea Eichmann', '1970-04-04', 'male', '$2y$12$OP6cMKHmXs2y0GwO.GYwgu2yU9e6Jg25p3YBPzUowx9S25MmNp1U.', '2024-10-09 06:19:59', 'epTmGIGI1b', '2024-10-09 06:20:01', '2024-10-09 06:20:01'),
(71, 'cole.johnpaul@example.net', 'Mrs. Ashley Hagenes', 'Chloe Ritchie DVM', '2005-07-09', 'female', '$2y$12$OP6cMKHmXs2y0GwO.GYwgu2yU9e6Jg25p3YBPzUowx9S25MmNp1U.', '2024-10-09 06:19:59', 'k1UYtnVLXs', '2024-10-09 06:20:01', '2024-10-09 06:20:01'),
(72, 'lyost@example.net', 'Prof. Annabelle Schaefer DDS', 'Prof. Triston Swaniawski PhD', '1986-05-08', 'male', '$2y$12$OP6cMKHmXs2y0GwO.GYwgu2yU9e6Jg25p3YBPzUowx9S25MmNp1U.', '2024-10-09 06:19:59', 'lyKTGQHdch', '2024-10-09 06:20:01', '2024-10-09 06:20:01'),
(73, 'lila.marks@example.net', 'Emilia Armstrong', 'Darrell Bahringer III', '1975-09-06', 'male', '$2y$12$OP6cMKHmXs2y0GwO.GYwgu2yU9e6Jg25p3YBPzUowx9S25MmNp1U.', '2024-10-09 06:19:59', 'AAiAxQSfQz', '2024-10-09 06:20:01', '2024-10-09 06:20:01'),
(74, 'hope11@example.org', 'Rosa Casper', 'Joannie Predovic Sr.', '1980-07-26', 'female', '$2y$12$OP6cMKHmXs2y0GwO.GYwgu2yU9e6Jg25p3YBPzUowx9S25MmNp1U.', '2024-10-09 06:19:59', 'FW8zOlxHUs', '2024-10-09 06:20:01', '2024-10-09 06:20:01'),
(75, 'chesley00@example.net', 'Ms. Winnifred McLaughlin V', 'Jamie Lehner', '1971-10-06', 'female', '$2y$12$OP6cMKHmXs2y0GwO.GYwgu2yU9e6Jg25p3YBPzUowx9S25MmNp1U.', '2024-10-09 06:19:59', 'lB24DVsPyo', '2024-10-09 06:20:01', '2024-10-09 06:20:01'),
(76, 'federico.christiansen@example.com', 'Jany Stehr', 'Miss Lupe Bins II', '2004-11-15', 'female', '$2y$12$OP6cMKHmXs2y0GwO.GYwgu2yU9e6Jg25p3YBPzUowx9S25MmNp1U.', '2024-10-09 06:19:59', 'lEHfWJ4pPJ', '2024-10-09 06:20:01', '2024-10-09 06:20:01'),
(77, 'doyle.alisha@example.net', 'Agnes Glover IV', 'Fatima Jaskolski PhD', '1984-06-03', 'male', '$2y$12$OP6cMKHmXs2y0GwO.GYwgu2yU9e6Jg25p3YBPzUowx9S25MmNp1U.', '2024-10-09 06:19:59', 'FAixm0n9Nh', '2024-10-09 06:20:01', '2024-10-09 06:20:01'),
(78, 'parisian.timmy@example.org', 'Dr. Nathen Parisian', 'Stella Hane Jr.', '1990-05-06', 'female', '$2y$12$OP6cMKHmXs2y0GwO.GYwgu2yU9e6Jg25p3YBPzUowx9S25MmNp1U.', '2024-10-09 06:19:59', 'zpvyh1QSaS', '2024-10-09 06:20:01', '2024-10-09 06:20:01'),
(79, 'xortiz@example.org', 'Valentine Keebler', 'Laura Fisher', '2024-03-17', 'male', '$2y$12$OP6cMKHmXs2y0GwO.GYwgu2yU9e6Jg25p3YBPzUowx9S25MmNp1U.', '2024-10-09 06:19:59', 'ZDq4VpNjuW', '2024-10-09 06:20:01', '2024-10-09 06:20:01'),
(80, 'anais57@example.org', 'Conner Klein Jr.', 'Mr. Hilario Hickle', '2017-09-11', 'male', '$2y$12$OP6cMKHmXs2y0GwO.GYwgu2yU9e6Jg25p3YBPzUowx9S25MmNp1U.', '2024-10-09 06:19:59', 'tULDHj8UON', '2024-10-09 06:20:01', '2024-10-09 06:20:01'),
(81, 'shammes@example.com', 'Mr. Brent Skiles', 'Camden Tromp', '1996-10-17', 'male', '$2y$12$OP6cMKHmXs2y0GwO.GYwgu2yU9e6Jg25p3YBPzUowx9S25MmNp1U.', '2024-10-09 06:19:59', 'umRmfcBWqH', '2024-10-09 06:20:01', '2024-10-09 06:20:01'),
(82, 'fahey.jaqueline@example.net', 'Olaf Goyette', 'Prof. Providenci Powlowski II', '2001-04-20', 'female', '$2y$12$OP6cMKHmXs2y0GwO.GYwgu2yU9e6Jg25p3YBPzUowx9S25MmNp1U.', '2024-10-09 06:19:59', 'aMcScEA2D1', '2024-10-09 06:20:01', '2024-10-09 06:20:01'),
(83, 'zankunding@example.com', 'Prof. Merritt Bosco', 'Providenci Cummings', '2024-05-27', 'male', '$2y$12$OP6cMKHmXs2y0GwO.GYwgu2yU9e6Jg25p3YBPzUowx9S25MmNp1U.', '2024-10-09 06:19:59', 'D7ovsXo0zE', '2024-10-09 06:20:01', '2024-10-09 06:20:01'),
(84, 'adeline25@example.org', 'Dr. Unique Braun I', 'Devante Willms', '2012-03-22', 'female', '$2y$12$OP6cMKHmXs2y0GwO.GYwgu2yU9e6Jg25p3YBPzUowx9S25MmNp1U.', '2024-10-09 06:19:59', '52S9zBxHTw', '2024-10-09 06:20:01', '2024-10-09 06:20:01'),
(85, 'kennith01@example.net', 'Ardith Gerlach', 'Montana Davis', '1992-09-28', 'male', '$2y$12$OP6cMKHmXs2y0GwO.GYwgu2yU9e6Jg25p3YBPzUowx9S25MmNp1U.', '2024-10-09 06:19:59', 'seJd6gXsD7', '2024-10-09 06:20:01', '2024-10-09 06:20:01'),
(86, 'marvin.serenity@example.com', 'Mrs. Charlotte Brown IV', 'Prince Huel', '1973-03-26', 'female', '$2y$12$OP6cMKHmXs2y0GwO.GYwgu2yU9e6Jg25p3YBPzUowx9S25MmNp1U.', '2024-10-09 06:19:59', 'HWKSKgCNc9', '2024-10-09 06:20:01', '2024-10-09 06:20:01'),
(87, 'abbott.katelin@example.org', 'Angeline Hirthe', 'Mikayla Weber', '2016-03-15', 'male', '$2y$12$OP6cMKHmXs2y0GwO.GYwgu2yU9e6Jg25p3YBPzUowx9S25MmNp1U.', '2024-10-09 06:19:59', 'sYAomHfVmu', '2024-10-09 06:20:01', '2024-10-09 06:20:01'),
(88, 'waelchi.magdalena@example.com', 'Dr. Easton Lowe I', 'Dayton Miller', '1997-09-04', 'male', '$2y$12$OP6cMKHmXs2y0GwO.GYwgu2yU9e6Jg25p3YBPzUowx9S25MmNp1U.', '2024-10-09 06:19:59', 'VAnR08JQld', '2024-10-09 06:20:01', '2024-10-09 06:20:01'),
(89, 'rossie.hudson@example.net', 'Ally White', 'Mrs. Marie Kshlerin', '1994-07-24', 'female', '$2y$12$OP6cMKHmXs2y0GwO.GYwgu2yU9e6Jg25p3YBPzUowx9S25MmNp1U.', '2024-10-09 06:19:59', 'my8QJ53sho', '2024-10-09 06:20:01', '2024-10-09 06:20:01'),
(90, 'streich.stacey@example.org', 'Dr. Jany Stark', 'Alexzander Beahan', '2010-03-07', 'male', '$2y$12$OP6cMKHmXs2y0GwO.GYwgu2yU9e6Jg25p3YBPzUowx9S25MmNp1U.', '2024-10-09 06:19:59', 'b1ZRa54vjq', '2024-10-09 06:20:01', '2024-10-09 06:20:01'),
(91, 'hosea.osinski@example.org', 'Prince Quigley', 'Rickey Wilkinson III', '1992-01-25', 'female', '$2y$12$OP6cMKHmXs2y0GwO.GYwgu2yU9e6Jg25p3YBPzUowx9S25MmNp1U.', '2024-10-09 06:19:59', 'zN2r3WyJVr', '2024-10-09 06:20:01', '2024-10-09 06:20:01'),
(92, 'victoria.satterfield@example.com', 'Mr. Glen Bosco DDS', 'Nichole Borer', '2000-03-08', 'female', '$2y$12$OP6cMKHmXs2y0GwO.GYwgu2yU9e6Jg25p3YBPzUowx9S25MmNp1U.', '2024-10-09 06:19:59', 'uqwT4LTu1h', '2024-10-09 06:20:01', '2024-10-09 06:20:01'),
(93, 'rhea03@example.com', 'Dr. Damaris Ledner DVM', 'Korbin Collier', '1987-10-31', 'female', '$2y$12$OP6cMKHmXs2y0GwO.GYwgu2yU9e6Jg25p3YBPzUowx9S25MmNp1U.', '2024-10-09 06:19:59', 'oMzc0dPuFL', '2024-10-09 06:20:01', '2024-10-09 06:20:01'),
(94, 'andrew.kulas@example.com', 'Mallie Abbott', 'Nicolette O\'Hara II', '1987-01-04', 'female', '$2y$12$OP6cMKHmXs2y0GwO.GYwgu2yU9e6Jg25p3YBPzUowx9S25MmNp1U.', '2024-10-09 06:19:59', 'fpSVBAMEP4', '2024-10-09 06:20:01', '2024-10-09 06:20:01'),
(95, 'alycia61@example.org', 'Dr. Harry Dach', 'Leatha Franecki', '1970-03-07', 'female', '$2y$12$OP6cMKHmXs2y0GwO.GYwgu2yU9e6Jg25p3YBPzUowx9S25MmNp1U.', '2024-10-09 06:19:59', 'E3YrQVdOMr', '2024-10-09 06:20:01', '2024-10-09 06:20:01'),
(96, 'zkautzer@example.net', 'Miss Otha Blanda PhD', 'Garrison Bogisich MD', '2007-05-06', 'male', '$2y$12$OP6cMKHmXs2y0GwO.GYwgu2yU9e6Jg25p3YBPzUowx9S25MmNp1U.', '2024-10-09 06:19:59', 'rBrJ36FpQv', '2024-10-09 06:20:01', '2024-10-09 06:20:01'),
(97, 'maegan54@example.com', 'Kade Romaguera Sr.', 'Leland Mraz', '2010-05-10', 'male', '$2y$12$OP6cMKHmXs2y0GwO.GYwgu2yU9e6Jg25p3YBPzUowx9S25MmNp1U.', '2024-10-09 06:19:59', 'gLq0P5hLvg', '2024-10-09 06:20:01', '2024-10-09 06:20:01'),
(98, 'hegmann.franco@example.net', 'Dr. Jermey Homenick', 'Margarete Baumbach', '2013-08-17', 'male', '$2y$12$OP6cMKHmXs2y0GwO.GYwgu2yU9e6Jg25p3YBPzUowx9S25MmNp1U.', '2024-10-09 06:19:59', 'fjdapm4G7l', '2024-10-09 06:20:01', '2024-10-09 06:20:01'),
(99, 'jaylen15@example.org', 'Ciara Schroeder', 'Ms. Tyra Watsica DVM', '1991-05-22', 'male', '$2y$12$OP6cMKHmXs2y0GwO.GYwgu2yU9e6Jg25p3YBPzUowx9S25MmNp1U.', '2024-10-09 06:19:59', '517EEsIVmj', '2024-10-09 06:20:01', '2024-10-09 06:20:01'),
(100, 'wintheiser.flavio@example.com', 'Elsa Emmerich', 'Omer Paucek', '2019-06-28', 'male', '$2y$12$OP6cMKHmXs2y0GwO.GYwgu2yU9e6Jg25p3YBPzUowx9S25MmNp1U.', '2024-10-09 06:19:59', 'I0DM0LIqf5', '2024-10-09 06:20:01', '2024-10-09 06:20:01'),
(101, 'rosella46@example.com', 'Lenore Ernser', 'Grady Hill V', '2020-12-17', 'male', '$2y$12$OP6cMKHmXs2y0GwO.GYwgu2yU9e6Jg25p3YBPzUowx9S25MmNp1U.', '2024-10-09 06:19:59', 'fyTcMcr4F2', '2024-10-09 06:20:01', '2024-10-09 06:20:01'),
(102, 'megane.considine@example.org', 'Gabriella Barrows', 'Dr. Justyn Miller', '1987-09-24', 'male', '$2y$12$OP6cMKHmXs2y0GwO.GYwgu2yU9e6Jg25p3YBPzUowx9S25MmNp1U.', '2024-10-09 06:19:59', 'rYpjX3Kpoe', '2024-10-09 06:20:01', '2024-10-09 06:20:01');

--
-- Indexes for dumped tables
--

--
-- Indexes for table `cache`
--
ALTER TABLE `cache`
  ADD PRIMARY KEY (`key`);

--
-- Indexes for table `cache_locks`
--
ALTER TABLE `cache_locks`
  ADD PRIMARY KEY (`key`);

--
-- Indexes for table `failed_jobs`
--
ALTER TABLE `failed_jobs`
  ADD PRIMARY KEY (`id`),
  ADD UNIQUE KEY `failed_jobs_uuid_unique` (`uuid`);

--
-- Indexes for table `jobs`
--
ALTER TABLE `jobs`
  ADD PRIMARY KEY (`id`),
  ADD KEY `jobs_queue_index` (`queue`);

--
-- Indexes for table `job_batches`
--
ALTER TABLE `job_batches`
  ADD PRIMARY KEY (`id`);

--
-- Indexes for table `migrations`
--
ALTER TABLE `migrations`
  ADD PRIMARY KEY (`id`);

--
-- Indexes for table `oauth_access_tokens`
--
ALTER TABLE `oauth_access_tokens`
  ADD PRIMARY KEY (`id`),
  ADD KEY `oauth_access_tokens_user_id_index` (`user_id`);

--
-- Indexes for table `oauth_auth_codes`
--
ALTER TABLE `oauth_auth_codes`
  ADD PRIMARY KEY (`id`),
  ADD KEY `oauth_auth_codes_user_id_index` (`user_id`);

--
-- Indexes for table `oauth_clients`
--
ALTER TABLE `oauth_clients`
  ADD PRIMARY KEY (`id`),
  ADD KEY `oauth_clients_user_id_index` (`user_id`);

--
-- Indexes for table `oauth_personal_access_clients`
--
ALTER TABLE `oauth_personal_access_clients`
  ADD PRIMARY KEY (`id`);

--
-- Indexes for table `oauth_refresh_tokens`
--
ALTER TABLE `oauth_refresh_tokens`
  ADD PRIMARY KEY (`id`),
  ADD KEY `oauth_refresh_tokens_access_token_id_index` (`access_token_id`);

--
-- Indexes for table `password_reset_tokens`
--
ALTER TABLE `password_reset_tokens`
  ADD PRIMARY KEY (`email`);

--
-- Indexes for table `projects`
--
ALTER TABLE `projects`
  ADD PRIMARY KEY (`id`);

--
-- Indexes for table `sessions`
--
ALTER TABLE `sessions`
  ADD PRIMARY KEY (`id`),
  ADD KEY `sessions_user_id_index` (`user_id`),
  ADD KEY `sessions_last_activity_index` (`last_activity`);

--
-- Indexes for table `timesheets`
--
ALTER TABLE `timesheets`
  ADD PRIMARY KEY (`id`);

--
-- Indexes for table `users`
--
ALTER TABLE `users`
  ADD PRIMARY KEY (`id`),
  ADD UNIQUE KEY `users_email_unique` (`email`);

--
-- AUTO_INCREMENT for dumped tables
--

--
-- AUTO_INCREMENT for table `failed_jobs`
--
ALTER TABLE `failed_jobs`
  MODIFY `id` bigint(20) UNSIGNED NOT NULL AUTO_INCREMENT;

--
-- AUTO_INCREMENT for table `jobs`
--
ALTER TABLE `jobs`
  MODIFY `id` bigint(20) UNSIGNED NOT NULL AUTO_INCREMENT;

--
-- AUTO_INCREMENT for table `migrations`
--
ALTER TABLE `migrations`
  MODIFY `id` int(10) UNSIGNED NOT NULL AUTO_INCREMENT, AUTO_INCREMENT=12;

--
-- AUTO_INCREMENT for table `oauth_clients`
--
ALTER TABLE `oauth_clients`
  MODIFY `id` bigint(20) UNSIGNED NOT NULL AUTO_INCREMENT, AUTO_INCREMENT=3;

--
-- AUTO_INCREMENT for table `oauth_personal_access_clients`
--
ALTER TABLE `oauth_personal_access_clients`
  MODIFY `id` bigint(20) UNSIGNED NOT NULL AUTO_INCREMENT, AUTO_INCREMENT=2;

--
-- AUTO_INCREMENT for table `projects`
--
ALTER TABLE `projects`
  MODIFY `id` bigint(20) UNSIGNED NOT NULL AUTO_INCREMENT, AUTO_INCREMENT=103;

--
-- AUTO_INCREMENT for table `timesheets`
--
ALTER TABLE `timesheets`
  MODIFY `id` bigint(20) UNSIGNED NOT NULL AUTO_INCREMENT, AUTO_INCREMENT=1006;

--
-- AUTO_INCREMENT for table `users`
--
ALTER TABLE `users`
  MODIFY `id` bigint(20) UNSIGNED NOT NULL AUTO_INCREMENT, AUTO_INCREMENT=103;
COMMIT;

/*!40101 SET CHARACTER_SET_CLIENT=@OLD_CHARACTER_SET_CLIENT */;
/*!40101 SET CHARACTER_SET_RESULTS=@OLD_CHARACTER_SET_RESULTS */;
/*!40101 SET COLLATION_CONNECTION=@OLD_COLLATION_CONNECTION */;
